-- Dummy Data

-- 1. Users
INSERT INTO users(name, nickname, login_id, login_password, school_name, phone_number, email, address, birth)
VALUES ('user1', 'user1-Nickname', 'user1-Id', 'user1-Password', '경기대학교', '01011110000', 'test1@gmail.com', '양양', '2000-01-27');
INSERT INTO users(name, nickname, login_id, login_password, school_name, phone_number, email, address, birth)
VALUES ('user2', 'user2-Nickname', 'user2-Id', 'user2-Password', '경기대학교', '01011111111', 'test2@gmail.com', '안양', '2000-01-18');
INSERT INTO users(name, nickname, login_id, login_password, school_name, phone_number, email, address, birth)
VALUES ('user3', 'user3-Nickname', 'user3-Id', 'user3-Password', '경기대학교', '01011112222', 'test3@gmail.com', '수원', '2000-01-19');
INSERT INTO users(name, nickname, login_id, login_password, school_name, phone_number, email, address, birth)
VALUES ('user4', 'user4-Nickname', 'user4-Id', 'user4-Password', '홍익대학교', '01011113333', 'test4@gmail.com', '수원', '2000-01-20');
INSERT INTO users(name, nickname, login_id, login_password, school_name, phone_number, email, address, birth)
VALUES ('user5', 'user5-Nickname', 'user5-Id', 'user5-Password', '수원대학교', '01011114444', 'test5@gmail.com', '안양', '2000-01-21');
INSERT INTO users(name, nickname, login_id, login_password, school_name, phone_number, email, address, birth)
VALUES ('user6', 'user6-Nickname', 'user6-Id', 'user6-Password', '서울대학교', '01011115555', 'test6@gmail.com', '안양', '2000-01-22');
INSERT INTO users(name, nickname, login_id, login_password, school_name, phone_number, email, address, birth)
VALUES ('user7', 'user7-Nickname', 'user7-Id', 'user7-Password', '연세대학교', '01011116666', 'test7@gmail.com', '과천', '2000-01-23');
INSERT INTO users(name, nickname, login_id, login_password, school_name, phone_number, email, address, birth)
VALUES ('user8', 'user8-Nickname', 'user8-Id', 'user8-Password', '고려대학교', '01011117777', 'test8@gmail.com', '강남', '2000-01-24');
INSERT INTO users(name, nickname, login_id, login_password, school_name, phone_number, email, address, birth)
VALUES ('user9', 'user9-Nickname', 'user9-Id', 'user9-Password', '연세대학교', '01011118888', 'test9@gmail.com', '서초', '2000-01-25');
INSERT INTO users(name, nickname, login_id, login_password, school_name, phone_number, email, address, birth)
VALUES ('user10', 'user10-Nickname', 'user10-Id', 'user10-Password', '서울과학기술대학교', '01011119999', 'test10@gmail.com', '강남', '2000-01-26');
INSERT INTO users(name, nickname, login_id, login_password, school_name, phone_number, email, address, birth)
VALUES ('user11', 'user11-Nickname', 'user11-Id', 'user11-Password', '경기대학교', '01022220000', 'test11@gmail.com', '안양', '1999-01-24');
INSERT INTO users(name, nickname, login_id, login_password, school_name, phone_number, email, address, birth)
VALUES ('user12', 'user12-Nickname', 'user12-Id', 'user12-Password', '경기대학교', '01022221111', 'test12@gmail.com', '부산', '1999-02-25');
INSERT INTO users(name, nickname, login_id, login_password, school_name, phone_number, email, address, birth)
VALUES ('user13', 'user13-Nickname', 'user13-Id', 'user13-Password', '서울대학교', '01022222222', 'test13@gmail.com', '창원', '1999-03-14');
INSERT INTO users(name, nickname, login_id, login_password, school_name, phone_number, email, address, birth)
VALUES ('user14', 'user14-Nickname', 'user14-Id', 'user14-Password', '서울대학교', '01022223333', 'test14@gmail.com', '부산', '1999-04-01');
INSERT INTO users(name, nickname, login_id, login_password, school_name, phone_number, email, address, birth)
VALUES ('user15', 'user15-Nickname', 'user15-Id', 'user15-Password', '경기대학교', '01022224444', 'test15@gmail.com', '안양', '1999-05-03');
INSERT INTO users(name, nickname, login_id, login_password, school_name, phone_number, email, address, birth)
VALUES ('user16', 'user16-Nickname', 'user16-Id', 'user16-Password', '연세대학교', '01022225555', 'test16@gmail.com', '창원', '1999-06-16');
INSERT INTO users(name, nickname, login_id, login_password, school_name, phone_number, email, address, birth)
VALUES ('user17', 'user17-Nickname', 'user17-Id', 'user17-Password', '연세대학교', '01022226666', 'test17@gmail.com', '용인', '1999-07-23');
INSERT INTO users(name, nickname, login_id, login_password, school_name, phone_number, email, address, birth)
VALUES ('user18', 'user18-Nickname', 'user18-Id', 'user18-Password', '경기대학교', '01022227777', 'test18@gmail.com', '용인', '1999-08-25');
INSERT INTO users(name, nickname, login_id, login_password, school_name, phone_number, email, address, birth)
VALUES ('user19', 'user19-Nickname', 'user19-Id', 'user19-Password', '연세대학교', '01022228888', 'test19@gmail.com', '용인', '1999-09-27');
INSERT INTO users(name, nickname, login_id, login_password, school_name, phone_number, email, address, birth)
VALUES ('user20', 'user20-Nickname', 'user20-Id', 'user20-Password', '고려대학교', '01033330000', 'test20@gmail.com', '부천', '1999-10-30');
INSERT INTO users(name, nickname, login_id, login_password, school_name, phone_number, email, address, birth)
VALUES ('user21', 'user21-Nickname', 'user21-Id', 'user21-Password', '가천대학교', '01033331111', 'test21@gmail.com', '안양', '1999-11-30');
INSERT INTO users(name, nickname, login_id, login_password, school_name, phone_number, email, address, birth)
VALUES ('user22', 'user22-Nickname', 'user22-Id', 'user22-Password', '중앙대학교', '01033332222', 'test22@gmail.com', '부천', '1999-12-31');
INSERT INTO users(name, nickname, login_id, login_password, school_name, phone_number, email, address, birth)
VALUES ('user23', 'user23-Nickname', 'user23-Id', 'user23-Password', '가천대학교', '01033333333', 'test23@gmail.com', '화성', '1999-12-12');
INSERT INTO users(name, nickname, login_id, login_password, school_name, phone_number, email, address, birth)
VALUES ('user24', 'user24-Nickname', 'user24-Id', 'user24-Password', '고려대학교', '01033334444', 'test24@gmail.com', '안양', '1999-10-02');
INSERT INTO users(name, nickname, login_id, login_password, school_name, phone_number, email, address, birth)
VALUES ('user25', 'user25-Nickname', 'user25-Id', 'user25-Password', '중앙대학교', '01033335555', 'test25@gmail.com', '평택', '1999-05-03');
INSERT INTO users(name, nickname, login_id, login_password, school_name, phone_number, email, address, birth)
VALUES ('user26', 'user26-Nickname', 'user26-Id', 'user26-Password', '중앙대학교', '01033336666', 'test26@gmail.com', '화성', '1999-07-05');
INSERT INTO users(name, nickname, login_id, login_password, school_name, phone_number, email, address, birth)
VALUES ('user27', 'user27-Nickname', 'user27-Id', 'user27-Password', '한양대학교', '01033337777', 'test27@gmail.com', '화성', '1999-12-17');
INSERT INTO users(name, nickname, login_id, login_password, school_name, phone_number, email, address, birth)
VALUES ('user28', 'user28-Nickname', 'user28-Id', 'user28-Password', '한양대학교', '01033338888', 'test28@gmail.com', '평택', '1999-06-30');
INSERT INTO users(name, nickname, login_id, login_password, school_name, phone_number, email, address, birth)
VALUES ('user29', 'user29-Nickname', 'user29-Id', 'user29-Password', '한양대학교', '01033339999', 'test29@gmail.com', '의정부', '1999-06-18');
INSERT INTO users(name, nickname, login_id, login_password, school_name, phone_number, email, address, birth)
VALUES ('user30', 'user30-Nickname', 'user30-Id', 'user30-Password', '한양대학교', '01044440000', 'test30@gmail.com', '평택', '1999-10-18');
INSERT INTO users(name, nickname, login_id, login_password, school_name, phone_number, email, address, birth)
VALUES ('user31', 'user31-Nickname', 'user31-Id', 'user31-Password', '서강대학교', '01044441111', 'test31@gmail.com', '광명', '1999-07-11');
INSERT INTO users(name, nickname, login_id, login_password, school_name, phone_number, email, address, birth)
VALUES ('user32', 'user32-Nickname', 'user32-Id', 'user32-Password', '서울시립대학교', '01044442222', 'test32@gmail.com', '춘천', '1999-10-18');
INSERT INTO users(name, nickname, login_id, login_password, school_name, phone_number, email, address, birth)
VALUES ('user33', 'user33-Nickname', 'user33-Id', 'user33-Password', '서강대학교', '01044443333', 'test33@gmail.com', '군포', '1999-07-25');
INSERT INTO users(name, nickname, login_id, login_password, school_name, phone_number, email, address, birth)
VALUES ('user34', 'user34-Nickname', 'user34-Id', 'user34-Password', '경기대학교', '01044444444', 'test34@gmail.com', '여수', '1999-06-21');
INSERT INTO users(name, nickname, login_id, login_password, school_name, phone_number, email, address, birth)
VALUES ('user35', 'user35-Nickname', 'user35-Id', 'user35-Password', '서울시립대학교', '01044445555', 'test35@gmail.com', '여수', '1999-10-08');
INSERT INTO users(name, nickname, login_id, login_password, school_name, phone_number, email, address, birth)
VALUES ('user36', 'user36-Nickname', 'user36-Id', 'user36-Password', '고려대학교', '01044446666', 'test36@gmail.com', '오산', '1999-07-18');
INSERT INTO users(name, nickname, login_id, login_password, school_name, phone_number, email, address, birth)
VALUES ('user37', 'user37-Nickname', 'user37-Id', 'user37-Password', '명지대학교', '01044447777', 'test37@gmail.com', '이천', '1999-07-09');
INSERT INTO users(name, nickname, login_id, login_password, school_name, phone_number, email, address, birth)
VALUES ('user38', 'user38-Nickname', 'user38-Id', 'user38-Password', '명지대학교', '01044448888', 'test38@gmail.com', '안성', '1999-10-18');
INSERT INTO users(name, nickname, login_id, login_password, school_name, phone_number, email, address, birth)
VALUES ('user39', 'user39-Nickname', 'user39-Id', 'user39-Password', '카이스트', '01044449999', 'test39@gmail.com', '충주', '1999-10-13');
INSERT INTO users(name, nickname, login_id, login_password, school_name, phone_number, email, address, birth)
VALUES ('user40', 'user40-Nickname', 'user40-Id', 'user40-Password', '카이스트', '01055550000', 'test40@gmail.com', '안양', '1999-06-15');
INSERT INTO users(name, nickname, login_id, login_password, school_name, phone_number, email, address, birth)
VALUES ('user41', 'user41-Nickname', 'user41-Id', 'user41-Password', '카이스트', '01055551111', 'test41@gmail.com', '여주', '1999-01-18');
INSERT INTO users(name, nickname, login_id, login_password, school_name, phone_number, email, address, birth)
VALUES ('user42', 'user42-Nickname', 'user42-Id', 'user42-Password', '카이스트', '01055552222', 'test42@gmail.com', '여주', '1999-08-19');
INSERT INTO users(name, nickname, login_id, login_password, school_name, phone_number, email, address, birth)
VALUES ('user43', 'user43-Nickname', 'user43-Id', 'user43-Password', '지스트', '01055553333', 'test43@gmail.com', '양평', '1999-08-06');
INSERT INTO users(name, nickname, login_id, login_password, school_name, phone_number, email, address, birth)
VALUES ('user44', 'user44-Nickname', 'user44-Id', 'user44-Password', '포항공대', '01055554444', 'test44@gmail.com', '정읍', '1999-02-05');
INSERT INTO users(name, nickname, login_id, login_password, school_name, phone_number, email, address, birth)
VALUES ('user45', 'user45-Nickname', 'user45-Id', 'user45-Password', '지스트', '01055555555', 'test45@gmail.com', '밀양', '1999-01-02');
INSERT INTO users(name, nickname, login_id, login_password, school_name, phone_number, email, address, birth)
VALUES ('user46', 'user46-Nickname', 'user46-Id', 'user46-Password', '고려대학교', '01055556666', 'test46@gmail.com', '홍성', '1999-02-11');
INSERT INTO users(name, nickname, login_id, login_password, school_name, phone_number, email, address, birth)
VALUES ('user47', 'user47-Nickname', 'user47-Id', 'user47-Password', '포항공대', '01055557777', 'test47@gmail.com', '보령', '1999-04-14');
INSERT INTO users(name, nickname, login_id, login_password, school_name, phone_number, email, address, birth)
VALUES ('user48', 'user48-Nickname', 'user48-Id', 'user48-Password', '포항공대', '01055558888', 'test48@gmail.com', '동두천', '1999-08-18');
INSERT INTO users(name, nickname, login_id, login_password, school_name, phone_number, email, address, birth)
VALUES ('user49', 'user49-Nickname', 'user49-Id', 'user49-Password', '고려대학교', '01055559999', 'test49@gmail.com', '속초', '1999-04-24');
INSERT INTO users(name, nickname, login_id, login_password, school_name, phone_number, email, address, birth)
VALUES ('user50', 'user50-Nickname', 'user50-Id', 'user50-Password', '서울대학교', '01066660000', 'test50@gmail.com', '예산', '1999-08-31');

-- 2. Art
INSERT INTO art(user_id, name, description, init_price, sale_type, register_date, upload_name, storage_name)
VALUES (1, 'art1', '이 작품은 작품입니다 - 1', 10000, 'AUCTION', '2022-07-10 09:00:00', 'art1-UploadName', '73eff5de6b.png');
INSERT INTO art(user_id, name, description, init_price, sale_type, register_date, upload_name, storage_name)
VALUES (1, 'art2', '이 작품은 작품입니다 - 2', 20000, 'AUCTION', '2022-07-10 09:00:01', 'art2-UploadName', '48d1960376.png');
INSERT INTO art(user_id, name, description, init_price, sale_type, register_date, upload_name, storage_name)
VALUES (1, 'art3', '이 작품은 작품입니다 - 3', 10000, 'GENERAL', now(), 'art3-UploadName', '6e0dc3f002.png');
INSERT INTO art(user_id, name, description, init_price, sale_type, register_date, upload_name, storage_name)
VALUES (3, 'art4', '이 작품은 작품입니다 - 4', 100000, 'AUCTION', '2022-07-10 09:00:02', 'art4-UploadName', '400d15308b.png');
INSERT INTO art(user_id, name, description, init_price, sale_type, register_date, upload_name, storage_name)
VALUES (5, 'art5', '이 작품은 작품입니다 - 5', 30000, 'AUCTION', '2022-07-10 09:00:03', 'art5-UploadName', 'c53403583c.png');
INSERT INTO art(user_id, name, description, init_price, sale_type, register_date, upload_name, storage_name)
VALUES (3, 'art6', '이 작품은 작품입니다 - 6', 25000, 'AUCTION', '2022-07-10 09:00:04', 'art6-UploadName', 'c3f23ed564.png');
INSERT INTO art(user_id, name, description, init_price, sale_type, register_date, upload_name, storage_name)
VALUES (7, 'art7', '이 작품은 작품입니다 - 7', 24000, 'AUCTION', '2022-07-10 09:00:05', 'art7-UploadName', '270ca8c26a.png');
INSERT INTO art(user_id, name, description, init_price, sale_type, register_date, upload_name, storage_name)
VALUES (8, 'art8', '이 작품은 작품입니다 - 8', 35000, 'GENERAL', now(), 'art8-UploadName', '1df01597da.png');
INSERT INTO art(user_id, name, description, init_price, sale_type, register_date, upload_name, storage_name)
VALUES (20, 'art9', '이 작품은 작품입니다 - 9', 45000, 'GENERAL', now(), 'art9-UploadName', '737761c4bb.png');
INSERT INTO art(user_id, name, description, init_price, sale_type, register_date, upload_name, storage_name)
VALUES (19, 'art10', '이 작품은 작품입니다 - 10', 50000, 'GENERAL', now(), 'art10-UploadName', '59b7efc285.png');
INSERT INTO art(user_id, name, description, init_price, sale_type, register_date, upload_name, storage_name)
VALUES (5, 'art11', '이 작품은 작품입니다 - 11', 200000, 'AUCTION', '2022-07-10 09:00:06', 'art11-UploadName', 'dea7189cc5.png');
INSERT INTO art(user_id, name, description, init_price, sale_type, register_date, upload_name, storage_name)
VALUES (19, 'art12', '이 작품은 작품입니다 - 12', 75000, 'GENERAL', now(), 'art12-UploadName', '81e15f0256.png');
INSERT INTO art(user_id, name, description, init_price, sale_type, register_date, upload_name, storage_name)
VALUES (41, 'art13', '이 작품은 작품입니다 - 13', 5000, 'AUCTION', '2022-07-10 09:00:07', 'art13-UploadName', 'e75e145762.png');
INSERT INTO art(user_id, name, description, init_price, sale_type, register_date, upload_name, storage_name)
VALUES (7, 'art14', '이 작품은 작품입니다 - 14', 28000, 'GENERAL', now(), 'art14-UploadName', '4330fcce6e.png');
INSERT INTO art(user_id, name, description, init_price, sale_type, register_date, upload_name, storage_name)
VALUES (50, 'art15', '이 작품은 작품입니다 - 15', 33000, 'AUCTION', '2022-07-10 09:00:08', 'art15-UploadName', 'ac9d56eea9.png');
INSERT INTO art(user_id, name, description, init_price, sale_type, register_date, upload_name, storage_name)
VALUES (32, 'art16', '이 작품은 작품입니다 - 16', 54000, 'GENERAL', now(), 'art16-UploadName', 'b5b8997b29.png');
INSERT INTO art(user_id, name, description, init_price, sale_type, register_date, upload_name, storage_name)
VALUES (8, 'art17', '이 작품은 작품입니다 - 17', 68000, 'AUCTION', '2022-07-10 09:00:09', 'art17-UploadName', 'cafcf85de1.png');
INSERT INTO art(user_id, name, description, init_price, sale_type, register_date, upload_name, storage_name)
VALUES (3, 'art18', '이 작품은 작품입니다 - 18', 95000, 'GENERAL', now(), 'art18-UploadName', 'fbe3c62890.png');
INSERT INTO art(user_id, name, description, init_price, sale_type, register_date, upload_name, storage_name)
VALUES (3, 'art19', '이 작품은 작품입니다 - 19', 300000, 'AUCTION', '2022-07-10 09:00:10', 'art19-UploadName', '2e28829a49.png');
INSERT INTO art(user_id, name, description, init_price, sale_type, register_date, upload_name, storage_name)
VALUES (41, 'art20', '이 작품은 작품입니다 - 20', 500000, 'GENERAL', now(), 'art20-UploadName', '4b65fb85bc.png');
INSERT INTO art(user_id, name, description, init_price, sale_type, register_date, upload_name, storage_name)
VALUES (20, 'art21', '이 작품은 작품입니다 - 21', 49000, 'AUCTION', '2022-07-10 09:00:11', 'art21-UploadName', '8c09d0a49e.png');
INSERT INTO art(user_id, name, description, init_price, sale_type, register_date, upload_name, storage_name)
VALUES (19, 'art22', '이 작품은 작품입니다 - 22', 20000, 'AUCTION', '2022-07-10 09:00:12', 'art22-UploadName', 'e00c5153d1.png');
INSERT INTO art(user_id, name, description, init_price, sale_type, register_date, upload_name, storage_name)
VALUES (19, 'art23', '이 작품은 작품입니다 - 23', 30000, 'AUCTION', '2022-07-10 09:00:13', 'art23-UploadName', 'f91f850e58.png');
INSERT INTO art(user_id, name, description, init_price, sale_type, register_date, upload_name, storage_name)
VALUES (15, 'art24', '이 작품은 작품입니다 - 24', 53000, 'AUCTION', '2022-07-10 09:00:14', 'art24-UploadName', '05899cf0c2.png');
INSERT INTO art(user_id, name, description, init_price, sale_type, register_date, upload_name, storage_name)
VALUES (50, 'art25', '이 작품은 작품입니다 - 25', 45000, 'AUCTION', '2022-07-10 09:00:15', 'art25-UploadName', 'ba5bf0b5ca.png');
INSERT INTO art(user_id, name, description, init_price, sale_type, register_date, upload_name, storage_name)
VALUES (1, 'art26', '이 작품은 작품입니다 - 26', 35000, 'GENERAL', now(), 'art26-UploadName', '7eedfffa63.png');
INSERT INTO art(user_id, name, description, init_price, sale_type, register_date, upload_name, storage_name)
VALUES (15, 'art27', '이 작품은 작품입니다 - 27', 20000, 'AUCTION', '2022-07-10 09:00:16', 'art27-UploadName', 'c0aa2971dd.png');
INSERT INTO art(user_id, name, description, init_price, sale_type, register_date, upload_name, storage_name)
VALUES (3, 'art28', '이 작품은 작품입니다 - 28', 10000, 'AUCTION', '2022-07-10 09:00:17', 'art28-UploadName', '79d81a59d8.png');
INSERT INTO art(user_id, name, description, init_price, sale_type, register_date, upload_name, storage_name)
VALUES (46, 'art29', '이 작품은 작품입니다 - 29', 15000, 'AUCTION', '2022-07-10 09:00:18', 'art29-UploadName', '9d0b6a16b2.png');
INSERT INTO art(user_id, name, description, init_price, sale_type, register_date, upload_name, storage_name)
VALUES (5, 'art30', '이 작품은 작품입니다 - 30', 17000, 'GENERAL', now(), 'art30-UploadName', '6b83e8b26c.png');
INSERT INTO art(user_id, name, description, init_price, sale_type, register_date, upload_name, storage_name)
VALUES (46, 'art31', '이 작품은 작품입니다 - 31', 12000, 'AUCTION', '2022-07-10 09:00:19', 'art31-UploadName', 'f9613e7878.png');
INSERT INTO art(user_id, name, description, init_price, sale_type, register_date, upload_name, storage_name)
VALUES (46, 'art32', '이 작품은 작품입니다 - 32', 35000, 'GENERAL', now(), 'art32-UploadName', 'f96a329a81.png');
INSERT INTO art(user_id, name, description, init_price, sale_type, register_date, upload_name, storage_name)
VALUES (1, 'art33', '이 작품은 작품입니다 - 33', 35000, 'AUCTION', '2022-07-10 09:00:20', 'art33-UploadName', '1ba5445fbe.png');
INSERT INTO art(user_id, name, description, init_price, sale_type, register_date, upload_name, storage_name)
VALUES (5, 'art34', '이 작품은 작품입니다 - 34', 42000, 'AUCTION', '2022-07-10 09:00:21', 'art34-UploadName', '9a86fe489a.png');
INSERT INTO art(user_id, name, description, init_price, sale_type, register_date, upload_name, storage_name)
VALUES (1, 'art35', '이 작품은 작품입니다 - 35', 19000, 'GENERAL', now(), 'art35-UploadName', '08af55904f.png');
INSERT INTO art(user_id, name, description, init_price, sale_type, register_date, upload_name, storage_name)
VALUES (15, 'art36', '이 작품은 작품입니다 - 36', 75000, 'GENERAL', now(), 'art36-UploadName', '65c8c12227.png');
INSERT INTO art(user_id, name, description, init_price, sale_type, register_date, upload_name, storage_name)
VALUES (41, 'art37', '이 작품은 작품입니다 - 37', 72000, 'AUCTION', '2022-07-10 09:00:22', 'art37-UploadName', '704ed10b36.png');
INSERT INTO art(user_id, name, description, init_price, sale_type, register_date, upload_name, storage_name)
VALUES (46, 'art38', '이 작품은 작품입니다 - 38', 85000, 'AUCTION', '2022-07-10 09:00:23', 'art38-UploadName', 'a2f0723ae8.png');
INSERT INTO art(user_id, name, description, init_price, sale_type, register_date, upload_name, storage_name)
VALUES (50, 'art39', '이 작품은 작품입니다 - 39', 115000, 'GENERAL', now(), 'art39-UploadName', '45afd86948.png');
INSERT INTO art(user_id, name, description, init_price, sale_type, register_date, upload_name, storage_name)
VALUES (19, 'art40', '이 작품은 작품입니다 - 40', 120000, 'AUCTION', '2022-07-10 09:00:24', 'art40-UploadName', 'c8e8c7f677.png');
INSERT INTO art(user_id, name, description, init_price, sale_type, register_date, upload_name, storage_name)
VALUES (1, 'art41', '이 작품은 작품입니다 - 41', 25000, 'AUCTION', '2022-07-10 09:00:25', 'art41-UploadName', 'af7136e3a5.png');
INSERT INTO art(user_id, name, description, init_price, sale_type, register_date, upload_name, storage_name)
VALUES (3, 'art42', '이 작품은 작품입니다 - 42', 17000, 'AUCTION', '2022-07-10 09:00:26', 'art42-UploadName', '0fd118d315.png');
INSERT INTO art(user_id, name, description, init_price, sale_type, register_date, upload_name, storage_name)
VALUES (3, 'art43', '이 작품은 작품입니다 - 43', 36000, 'GENERAL', now(), 'art43-UploadName', '549cc6c381.png');
INSERT INTO art(user_id, name, description, init_price, sale_type, register_date, upload_name, storage_name)
VALUES (7, 'art44', '이 작품은 작품입니다 - 44', 42000, 'AUCTION', '2022-07-10 09:00:27', 'art44-UploadName', 'c38f6409dd.png');
INSERT INTO art(user_id, name, description, init_price, sale_type, register_date, upload_name, storage_name)
VALUES (8, 'art45', '이 작품은 작품입니다 - 45', 87000, 'AUCTION', '2022-07-10 09:00:28', 'art45-UploadName', '78b6343041.png');
INSERT INTO art(user_id, name, description, init_price, sale_type, register_date, upload_name, storage_name)
VALUES (46, 'art46', '이 작품은 작품입니다 - 46', 90000, 'AUCTION', '2022-07-10 09:00:29', 'art46-UploadName', 'a20037ace4.png');
INSERT INTO art(user_id, name, description, init_price, sale_type, register_date, upload_name, storage_name)
VALUES (41, 'art47', '이 작품은 작품입니다 - 47', 96000, 'GENERAL', now(), 'art47-UploadName', 'aa3d908f77.png');
INSERT INTO art(user_id, name, description, init_price, sale_type, register_date, upload_name, storage_name)
VALUES (32, 'art48', '이 작품은 작품입니다 - 48', 52000, 'AUCTION', '2022-07-10 09:00:30', 'art48-UploadName', '0106dd0149.png');
INSERT INTO art(user_id, name, description, init_price, sale_type, register_date, upload_name, storage_name)
VALUES (32, 'art49', '이 작품은 작품입니다 - 49', 51000, 'AUCTION', '2022-07-10 09:00:31', 'art49-UploadName', '4f3ea26ba5.png');
INSERT INTO art(user_id, name, description, init_price, sale_type, register_date, upload_name, storage_name)
VALUES (19, 'art50', '이 작품은 작품입니다 - 50', 50000, 'AUCTION', '2022-07-10 09:00:32', 'art50-UploadName', 'f7235867a3.png');
INSERT INTO art(user_id, name, description, init_price, sale_type, register_date, upload_name, storage_name)
VALUES (3, 'art51', '이 작품은 작품입니다 - 51', 52000, 'GENERAL', now(), 'art51-UploadName', 'a0e149c6aa.png');
INSERT INTO art(user_id, name, description, init_price, sale_type, register_date, upload_name, storage_name)
VALUES (7, 'art52', '이 작품은 작품입니다 - 52', 53000, 'AUCTION', '2022-07-10 09:00:33', 'art52-UploadName', 'eeb3af5019.png');
INSERT INTO art(user_id, name, description, init_price, sale_type, register_date, upload_name, storage_name)
VALUES (7, 'art53', '이 작품은 작품입니다 - 53', 54000, 'AUCTION', '2022-07-10 09:00:34', 'art53-UploadName', '6c0b61a671.png');
INSERT INTO art(user_id, name, description, init_price, sale_type, register_date, upload_name, storage_name)
VALUES (7, 'art54', '이 작품은 작품입니다 - 54', 55000, 'AUCTION', '2022-07-10 09:00:35', 'art54-UploadName', '2691590c6f.png');
INSERT INTO art(user_id, name, description, init_price, sale_type, register_date, upload_name, storage_name)
VALUES (8, 'art55', '이 작품은 작품입니다 - 55', 58000, 'AUCTION', '2022-07-10 09:00:36', 'art55-UploadName', '1da3564a63.png');
INSERT INTO art(user_id, name, description, init_price, sale_type, register_date, upload_name, storage_name)
VALUES (50, 'art56', '이 작품은 작품입니다 - 56', 42000, 'AUCTION', '2022-07-10 09:00:37', 'art56-UploadName', '0dfbad23ea.png');
INSERT INTO art(user_id, name, description, init_price, sale_type, register_date, upload_name, storage_name)
VALUES (46, 'art57', '이 작품은 작품입니다 - 57', 32000, 'AUCTION', '2022-07-10 09:00:38', 'art57-UploadName', '81c19d70ee.png');
INSERT INTO art(user_id, name, description, init_price, sale_type, register_date, upload_name, storage_name)
VALUES (46, 'art58', '이 작품은 작품입니다 - 58', 39000, 'AUCTION', '2022-07-10 09:00:39', 'art58-UploadName', 'f0149d8ffa.png');
INSERT INTO art(user_id, name, description, init_price, sale_type, register_date, upload_name, storage_name)
VALUES (19, 'art59', '이 작품은 작품입니다 - 59', 37000, 'GENERAL', now(), 'art59-UploadName', '75afe19cb3.png');
INSERT INTO art(user_id, name, description, init_price, sale_type, register_date, upload_name, storage_name)
VALUES (41, 'art60', '이 작품은 작품입니다 - 60', 30000, 'AUCTION', '2022-07-10 09:00:40', 'art60-UploadName', '752d642c9c.png');
INSERT INTO art(user_id, name, description, init_price, sale_type, register_date, upload_name, storage_name)
VALUES (41, 'art61', '이 작품은 작품입니다 - 61', 15000, 'AUCTION', '2022-07-10 09:00:41', 'art61-UploadName', '1a60618fb6.png');
INSERT INTO art(user_id, name, description, init_price, sale_type, register_date, upload_name, storage_name)
VALUES (41, 'art62', '이 작품은 작품입니다 - 62', 5000, 'AUCTION', '2022-07-10 09:00:42', 'art62-UploadName', '88a6efe35d.png');
INSERT INTO art(user_id, name, description, init_price, sale_type, register_date, upload_name, storage_name)
VALUES (15, 'art63', '이 작품은 작품입니다 - 63', 20000, 'AUCTION', '2022-07-10 09:00:43', 'art63-UploadName', '2904472f26.png');
INSERT INTO art(user_id, name, description, init_price, sale_type, register_date, upload_name, storage_name)
VALUES (32, 'art64', '이 작품은 작품입니다 - 64', 25000, 'AUCTION', '2022-07-10 09:00:44', 'art64-UploadName', '750b0996a7.png');
INSERT INTO art(user_id, name, description, init_price, sale_type, register_date, upload_name, storage_name)
VALUES (15, 'art65', '이 작품은 작품입니다 - 65', 29000, 'AUCTION', '2022-07-10 09:00:45', 'art65-UploadName', '675cd297ab.png');
INSERT INTO art(user_id, name, description, init_price, sale_type, register_date, upload_name, storage_name)
VALUES (3, 'art66', '이 작품은 작품입니다 - 66', 30000, 'GENERAL', now(), 'art66-UploadName', '790970dec5.png');
INSERT INTO art(user_id, name, description, init_price, sale_type, register_date, upload_name, storage_name)
VALUES (3, 'art67', '이 작품은 작품입니다 - 67', 31000, 'AUCTION', '2022-07-10 09:00:46', 'art67-UploadName', '013e757dd8.png');
INSERT INTO art(user_id, name, description, init_price, sale_type, register_date, upload_name, storage_name)
VALUES (1, 'art68', '이 작품은 작품입니다 - 68', 32000, 'AUCTION', '2022-07-10 09:00:47', 'art68-UploadName', 'b12221a5c5.png');
INSERT INTO art(user_id, name, description, init_price, sale_type, register_date, upload_name, storage_name)
VALUES (46, 'art69', '이 작품은 작품입니다 - 69', 35000, 'AUCTION', '2022-07-10 09:00:48', 'art69-UploadName', 'da32dfd29a.png');
INSERT INTO art(user_id, name, description, init_price, sale_type, register_date, upload_name, storage_name)
VALUES (1, 'art70', '이 작품은 작품입니다 - 70', 40000, 'AUCTION', '2022-07-10 09:00:49', 'art70-UploadName', 'd71fec8202.png');
INSERT INTO art(user_id, name, description, init_price, sale_type, register_date, upload_name, storage_name)
VALUES (41, 'art71', '이 작품은 작품입니다 - 71', 42000, 'AUCTION', '2022-07-10 09:00:50', 'art71-UploadName', '3b9efc44de.png');
INSERT INTO art(user_id, name, description, init_price, sale_type, register_date, upload_name, storage_name)
VALUES (15, 'art72', '이 작품은 작품입니다 - 72', 55000, 'AUCTION', '2022-07-10 09:00:51', 'art72-UploadName', '907da69d41.png');
INSERT INTO art(user_id, name, description, init_price, sale_type, register_date, upload_name, storage_name)
VALUES (46, 'art73', '이 작품은 작품입니다 - 73', 95000, 'AUCTION', '2022-07-10 09:00:52', 'art73-UploadName', 'd08f8d39e9.png');
INSERT INTO art(user_id, name, description, init_price, sale_type, register_date, upload_name, storage_name)
VALUES (46, 'art74', '이 작품은 작품입니다 - 74', 85000, 'AUCTION', '2022-07-10 09:00:53', 'art74-UploadName', 'a2c0815a96.png');
INSERT INTO art(user_id, name, description, init_price, sale_type, register_date, upload_name, storage_name)
VALUES (50, 'art75', '이 작품은 작품입니다 - 75', 75000, 'AUCTION', '2022-07-10 09:00:54', 'art75-UploadName', '79b3bd6497.png');
INSERT INTO art(user_id, name, description, init_price, sale_type, register_date, upload_name, storage_name)
VALUES (46, 'art76', '이 작품은 작품입니다 - 76', 69000, 'AUCTION', '2022-07-10 09:00:55', 'art76-UploadName', '97cb63af8f.png');
INSERT INTO art(user_id, name, description, init_price, sale_type, register_date, upload_name, storage_name)
VALUES (7, 'art77', '이 작품은 작품입니다 - 77', 52000, 'AUCTION', '2022-07-10 09:00:56', 'art77-UploadName', '103efbe650.png');
INSERT INTO art(user_id, name, description, init_price, sale_type, register_date, upload_name, storage_name)
VALUES (46, 'art78', '이 작품은 작품입니다 - 78', 50000, 'GENERAL', now(), 'art78-UploadName', '3d8f154566.png');
INSERT INTO art(user_id, name, description, init_price, sale_type, register_date, upload_name, storage_name)
VALUES (8, 'art79', '이 작품은 작품입니다 - 79', 34000, 'AUCTION', '2022-07-10 09:00:57', 'art79-UploadName', 'fee93c541b.png');
INSERT INTO art(user_id, name, description, init_price, sale_type, register_date, upload_name, storage_name)
VALUES (46, 'art80', '이 작품은 작품입니다 - 80', 47000, 'AUCTION', '2022-07-10 09:00:58', 'art80-UploadName', '667d76c094.png');
INSERT INTO art(user_id, name, description, init_price, sale_type, register_date, upload_name, storage_name)
VALUES (5, 'art81', '이 작품은 작품입니다 - 81', 42000, 'AUCTION', '2022-07-10 09:00:59', 'art81-UploadName', '5cc636c2d2.png');
INSERT INTO art(user_id, name, description, init_price, sale_type, register_date, upload_name, storage_name)
VALUES (46, 'art82', '이 작품은 작품입니다 - 82', 10000, 'AUCTION', '2022-07-10 09:01::00', 'art82-UploadName', '9277a066eb.png');
INSERT INTO art(user_id, name, description, init_price, sale_type, register_date, upload_name, storage_name)
VALUES (3, 'art83', '이 작품은 작품입니다 - 83', 62000, 'AUCTION', '2022-07-10 09:01:01', 'art83-UploadName', '86bfdb0ea2.png');
INSERT INTO art(user_id, name, description, init_price, sale_type, register_date, upload_name, storage_name)
VALUES (3, 'art84', '이 작품은 작품입니다 - 84', 64000, 'AUCTION', '2022-07-10 09:01:02', 'art84-UploadName', 'ab01a14636.png');
INSERT INTO art(user_id, name, description, init_price, sale_type, register_date, upload_name, storage_name)
VALUES (3, 'art85', '이 작품은 작품입니다 - 85', 69000, 'GENERAL', now(), 'art85-UploadName', '99bdf0c1c3.png');
INSERT INTO art(user_id, name, description, init_price, sale_type, register_date, upload_name, storage_name)
VALUES (41, 'art86', '이 작품은 작품입니다 - 86', 50000, 'AUCTION', '2022-07-10 09:01:03', 'art86-UploadName', '50c0d4e901.png');
INSERT INTO art(user_id, name, description, init_price, sale_type, register_date, upload_name, storage_name)
VALUES (19, 'art87', '이 작품은 작품입니다 - 87', 125000, 'AUCTION', '2022-07-10 09:01:04', 'art87-UploadName', '0ca237b75d.png');
INSERT INTO art(user_id, name, description, init_price, sale_type, register_date, upload_name, storage_name)
VALUES (46, 'art88', '이 작품은 작품입니다 - 88', 135000, 'AUCTION', '2022-07-10 09:01:05', 'art88-UploadName', 'd022616d34.png');
INSERT INTO art(user_id, name, description, init_price, sale_type, register_date, upload_name, storage_name)
VALUES (32, 'art89', '이 작품은 작품입니다 - 89', 145000, 'AUCTION', '2022-07-10 09:01:06', 'art89-UploadName', 'b9ee19c15e.png');
INSERT INTO art(user_id, name, description, init_price, sale_type, register_date, upload_name, storage_name)
VALUES (46, 'art90', '이 작품은 작품입니다 - 90', 530000, 'AUCTION', '2022-07-10 09:01:07', 'art90-UploadName', '5105d57af8.png');
INSERT INTO art(user_id, name, description, init_price, sale_type, register_date, upload_name, storage_name)
VALUES (41, 'art91', '이 작품은 작품입니다 - 91', 350000, 'AUCTION', '2022-07-10 09:01:08', 'art91-UploadName', '0a79ac4922.png');
INSERT INTO art(user_id, name, description, init_price, sale_type, register_date, upload_name, storage_name)
VALUES (50, 'art92', '이 작품은 작품입니다 - 92', 30000, 'AUCTION', '2022-07-10 09:01:09', 'art92-UploadName', '276efec0a6.png');
INSERT INTO art(user_id, name, description, init_price, sale_type, register_date, upload_name, storage_name)
VALUES (46, 'art93', '이 작품은 작품입니다 - 93', 92000, 'AUCTION', '2022-07-10 09:01:10', 'art93-UploadName', '38c6895d68.png');
INSERT INTO art(user_id, name, description, init_price, sale_type, register_date, upload_name, storage_name)
VALUES (32, 'art94', '이 작품은 작품입니다 - 94', 90000, 'AUCTION', '2022-07-10 09:01:11', 'art94-UploadName', '3ae57d2ba2.png');
INSERT INTO art(user_id, name, description, init_price, sale_type, register_date, upload_name, storage_name)
VALUES (15, 'art95', '이 작품은 작품입니다 - 95', 64000, 'AUCTION', '2022-07-10 09:01:12', 'art95-UploadName', 'f826738c08.png');


-- 3. Hashtag
INSERT INTO hashtag(name) VALUES ('고양이');
INSERT INTO hashtag(name) VALUES ('강아지');
INSERT INTO hashtag(name) VALUES ('댕댕이');
INSERT INTO hashtag(name) VALUES ('반려견');
INSERT INTO hashtag(name) VALUES ('간식');
INSERT INTO hashtag(name) VALUES ('음식');
INSERT INTO hashtag(name) VALUES ('일상');
INSERT INTO hashtag(name) VALUES ('여행');
INSERT INTO hashtag(name) VALUES ('한국');
INSERT INTO hashtag(name) VALUES ('동물');
INSERT INTO hashtag(name) VALUES ('차');
INSERT INTO hashtag(name) VALUES ('예술');
INSERT INTO hashtag(name) VALUES ('일본');
INSERT INTO hashtag(name) VALUES ('미국');
INSERT INTO hashtag(name) VALUES ('스페인');
INSERT INTO hashtag(name) VALUES ('이탈리아');
INSERT INTO hashtag(name) VALUES ('쇼핑');
INSERT INTO hashtag(name) VALUES ('화장품');
INSERT INTO hashtag(name) VALUES ('인생템');
INSERT INTO hashtag(name) VALUES ('패션');
INSERT INTO hashtag(name) VALUES ('사랑');
INSERT INTO hashtag(name) VALUES ('바다');
INSERT INTO hashtag(name) VALUES ('산');
INSERT INTO hashtag(name) VALUES ('애완동물');
INSERT INTO hashtag(name) VALUES ('집사');
INSERT INTO hashtag(name) VALUES ('학교');
INSERT INTO hashtag(name) VALUES ('컴공');
INSERT INTO hashtag(name) VALUES ('건축');
INSERT INTO hashtag(name) VALUES ('디자인');
INSERT INTO hashtag(name) VALUES ('육아');
INSERT INTO hashtag(name) VALUES ('건강');
INSERT INTO hashtag(name) VALUES ('서울');
INSERT INTO hashtag(name) VALUES ('런던');
INSERT INTO hashtag(name) VALUES ('데일리패션');
INSERT INTO hashtag(name) VALUES ('인스타');
INSERT INTO hashtag(name) VALUES ('인간');
INSERT INTO hashtag(name) VALUES ('죽음');
INSERT INTO hashtag(name) VALUES ('삶');
INSERT INTO hashtag(name) VALUES ('게임');
INSERT INTO hashtag(name) VALUES ('건축물');
INSERT INTO hashtag(name) VALUES ('사자');
INSERT INTO hashtag(name) VALUES ('호랑이');
INSERT INTO hashtag(name) VALUES ('낙타');
INSERT INTO hashtag(name) VALUES ('알파카');
INSERT INTO hashtag(name) VALUES ('타조');
INSERT INTO hashtag(name) VALUES ('개');
INSERT INTO hashtag(name) VALUES ('시베리안 허스키');
INSERT INTO hashtag(name) VALUES ('웰시코기');
INSERT INTO hashtag(name) VALUES ('포메라니안');
INSERT INTO hashtag(name) VALUES ('진돗개');


-- 4. ArtHashtag
INSERT INTO art_hashtag(art_id, hashtag_id) VALUE (1, 4);
INSERT INTO art_hashtag(art_id, hashtag_id) VALUE (1, 11);
INSERT INTO art_hashtag(art_id, hashtag_id) VALUE (1, 31);
INSERT INTO art_hashtag(art_id, hashtag_id) VALUE (1, 49);
INSERT INTO art_hashtag(art_id, hashtag_id) VALUE (2, 3);
INSERT INTO art_hashtag(art_id, hashtag_id) VALUE (2, 13);
INSERT INTO art_hashtag(art_id, hashtag_id) VALUE (2, 17);
INSERT INTO art_hashtag(art_id, hashtag_id) VALUE (2, 30);
INSERT INTO art_hashtag(art_id, hashtag_id) VALUE (2, 37);
INSERT INTO art_hashtag(art_id, hashtag_id) VALUE (2, 41);
INSERT INTO art_hashtag(art_id, hashtag_id) VALUE (2, 50);
INSERT INTO art_hashtag(art_id, hashtag_id) VALUE (3, 7);
INSERT INTO art_hashtag(art_id, hashtag_id) VALUE (3, 22);
INSERT INTO art_hashtag(art_id, hashtag_id) VALUE (3, 30);
INSERT INTO art_hashtag(art_id, hashtag_id) VALUE (3, 35);
INSERT INTO art_hashtag(art_id, hashtag_id) VALUE (3, 45);
INSERT INTO art_hashtag(art_id, hashtag_id) VALUE (4, 21);
INSERT INTO art_hashtag(art_id, hashtag_id) VALUE (4, 25);
INSERT INTO art_hashtag(art_id, hashtag_id) VALUE (4, 41);
INSERT INTO art_hashtag(art_id, hashtag_id) VALUE (5, 1);
INSERT INTO art_hashtag(art_id, hashtag_id) VALUE (5, 4);
INSERT INTO art_hashtag(art_id, hashtag_id) VALUE (5, 6);
INSERT INTO art_hashtag(art_id, hashtag_id) VALUE (5, 23);
INSERT INTO art_hashtag(art_id, hashtag_id) VALUE (5, 38);
INSERT INTO art_hashtag(art_id, hashtag_id) VALUE (5, 39);
INSERT INTO art_hashtag(art_id, hashtag_id) VALUE (5, 46);
INSERT INTO art_hashtag(art_id, hashtag_id) VALUE (5, 50);
INSERT INTO art_hashtag(art_id, hashtag_id) VALUE (6, 1);
INSERT INTO art_hashtag(art_id, hashtag_id) VALUE (6, 5);
INSERT INTO art_hashtag(art_id, hashtag_id) VALUE (6, 6);
INSERT INTO art_hashtag(art_id, hashtag_id) VALUE (7, 2);
INSERT INTO art_hashtag(art_id, hashtag_id) VALUE (7, 9);
INSERT INTO art_hashtag(art_id, hashtag_id) VALUE (7, 11);
INSERT INTO art_hashtag(art_id, hashtag_id) VALUE (7, 14);
INSERT INTO art_hashtag(art_id, hashtag_id) VALUE (7, 15);
INSERT INTO art_hashtag(art_id, hashtag_id) VALUE (7, 21);
INSERT INTO art_hashtag(art_id, hashtag_id) VALUE (7, 25);
INSERT INTO art_hashtag(art_id, hashtag_id) VALUE (7, 34);
INSERT INTO art_hashtag(art_id, hashtag_id) VALUE (7, 46);
INSERT INTO art_hashtag(art_id, hashtag_id) VALUE (7, 47);
INSERT INTO art_hashtag(art_id, hashtag_id) VALUE (8, 4);
INSERT INTO art_hashtag(art_id, hashtag_id) VALUE (8, 18);
INSERT INTO art_hashtag(art_id, hashtag_id) VALUE (8, 26);
INSERT INTO art_hashtag(art_id, hashtag_id) VALUE (8, 28);
INSERT INTO art_hashtag(art_id, hashtag_id) VALUE (8, 34);
INSERT INTO art_hashtag(art_id, hashtag_id) VALUE (8, 39);
INSERT INTO art_hashtag(art_id, hashtag_id) VALUE (9, 25);
INSERT INTO art_hashtag(art_id, hashtag_id) VALUE (9, 49);
INSERT INTO art_hashtag(art_id, hashtag_id) VALUE (10, 37);
INSERT INTO art_hashtag(art_id, hashtag_id) VALUE (10, 50);
INSERT INTO art_hashtag(art_id, hashtag_id) VALUE (11, 35);
INSERT INTO art_hashtag(art_id, hashtag_id) VALUE (11, 37);
INSERT INTO art_hashtag(art_id, hashtag_id) VALUE (11, 50);
INSERT INTO art_hashtag(art_id, hashtag_id) VALUE (12, 3);
INSERT INTO art_hashtag(art_id, hashtag_id) VALUE (12, 5);
INSERT INTO art_hashtag(art_id, hashtag_id) VALUE (12, 6);
INSERT INTO art_hashtag(art_id, hashtag_id) VALUE (12, 14);
INSERT INTO art_hashtag(art_id, hashtag_id) VALUE (12, 32);
INSERT INTO art_hashtag(art_id, hashtag_id) VALUE (12, 45);
INSERT INTO art_hashtag(art_id, hashtag_id) VALUE (13, 9);
INSERT INTO art_hashtag(art_id, hashtag_id) VALUE (13, 28);
INSERT INTO art_hashtag(art_id, hashtag_id) VALUE (13, 45);
INSERT INTO art_hashtag(art_id, hashtag_id) VALUE (13, 47);
INSERT INTO art_hashtag(art_id, hashtag_id) VALUE (14, 2);
INSERT INTO art_hashtag(art_id, hashtag_id) VALUE (14, 9);
INSERT INTO art_hashtag(art_id, hashtag_id) VALUE (14, 23);
INSERT INTO art_hashtag(art_id, hashtag_id) VALUE (14, 37);
INSERT INTO art_hashtag(art_id, hashtag_id) VALUE (14, 40);
INSERT INTO art_hashtag(art_id, hashtag_id) VALUE (14, 48);
INSERT INTO art_hashtag(art_id, hashtag_id) VALUE (14, 49);
INSERT INTO art_hashtag(art_id, hashtag_id) VALUE (15, 15);
INSERT INTO art_hashtag(art_id, hashtag_id) VALUE (15, 22);
INSERT INTO art_hashtag(art_id, hashtag_id) VALUE (15, 47);
INSERT INTO art_hashtag(art_id, hashtag_id) VALUE (16, 6);
INSERT INTO art_hashtag(art_id, hashtag_id) VALUE (16, 27);
INSERT INTO art_hashtag(art_id, hashtag_id) VALUE (16, 34);
INSERT INTO art_hashtag(art_id, hashtag_id) VALUE (17, 16);
INSERT INTO art_hashtag(art_id, hashtag_id) VALUE (17, 21);
INSERT INTO art_hashtag(art_id, hashtag_id) VALUE (17, 39);
INSERT INTO art_hashtag(art_id, hashtag_id) VALUE (17, 45);
INSERT INTO art_hashtag(art_id, hashtag_id) VALUE (17, 50);
INSERT INTO art_hashtag(art_id, hashtag_id) VALUE (18, 17);
INSERT INTO art_hashtag(art_id, hashtag_id) VALUE (18, 23);
INSERT INTO art_hashtag(art_id, hashtag_id) VALUE (18, 27);
INSERT INTO art_hashtag(art_id, hashtag_id) VALUE (18, 47);
INSERT INTO art_hashtag(art_id, hashtag_id) VALUE (19, 8);
INSERT INTO art_hashtag(art_id, hashtag_id) VALUE (19, 18);
INSERT INTO art_hashtag(art_id, hashtag_id) VALUE (19, 29);
INSERT INTO art_hashtag(art_id, hashtag_id) VALUE (19, 41);
INSERT INTO art_hashtag(art_id, hashtag_id) VALUE (20, 7);
INSERT INTO art_hashtag(art_id, hashtag_id) VALUE (20, 9);
INSERT INTO art_hashtag(art_id, hashtag_id) VALUE (20, 11);
INSERT INTO art_hashtag(art_id, hashtag_id) VALUE (20, 29);
INSERT INTO art_hashtag(art_id, hashtag_id) VALUE (20, 42);
INSERT INTO art_hashtag(art_id, hashtag_id) VALUE (20, 45);
INSERT INTO art_hashtag(art_id, hashtag_id) VALUE (20, 48);
INSERT INTO art_hashtag(art_id, hashtag_id) VALUE (21, 2);
INSERT INTO art_hashtag(art_id, hashtag_id) VALUE (21, 14);
INSERT INTO art_hashtag(art_id, hashtag_id) VALUE (21, 23);
INSERT INTO art_hashtag(art_id, hashtag_id) VALUE (21, 38);
INSERT INTO art_hashtag(art_id, hashtag_id) VALUE (21, 39);
INSERT INTO art_hashtag(art_id, hashtag_id) VALUE (22, 6);
INSERT INTO art_hashtag(art_id, hashtag_id) VALUE (22, 17);
INSERT INTO art_hashtag(art_id, hashtag_id) VALUE (22, 23);
INSERT INTO art_hashtag(art_id, hashtag_id) VALUE (22, 30);
INSERT INTO art_hashtag(art_id, hashtag_id) VALUE (22, 38);
INSERT INTO art_hashtag(art_id, hashtag_id) VALUE (22, 39);
INSERT INTO art_hashtag(art_id, hashtag_id) VALUE (22, 41);
INSERT INTO art_hashtag(art_id, hashtag_id) VALUE (22, 46);
INSERT INTO art_hashtag(art_id, hashtag_id) VALUE (22, 50);
INSERT INTO art_hashtag(art_id, hashtag_id) VALUE (23, 6);
INSERT INTO art_hashtag(art_id, hashtag_id) VALUE (23, 15);
INSERT INTO art_hashtag(art_id, hashtag_id) VALUE (23, 23);
INSERT INTO art_hashtag(art_id, hashtag_id) VALUE (23, 29);
INSERT INTO art_hashtag(art_id, hashtag_id) VALUE (23, 30);
INSERT INTO art_hashtag(art_id, hashtag_id) VALUE (23, 44);
INSERT INTO art_hashtag(art_id, hashtag_id) VALUE (24, 2);
INSERT INTO art_hashtag(art_id, hashtag_id) VALUE (24, 8);
INSERT INTO art_hashtag(art_id, hashtag_id) VALUE (24, 14);
INSERT INTO art_hashtag(art_id, hashtag_id) VALUE (24, 20);
INSERT INTO art_hashtag(art_id, hashtag_id) VALUE (24, 29);
INSERT INTO art_hashtag(art_id, hashtag_id) VALUE (24, 34);
INSERT INTO art_hashtag(art_id, hashtag_id) VALUE (24, 38);
INSERT INTO art_hashtag(art_id, hashtag_id) VALUE (24, 48);
INSERT INTO art_hashtag(art_id, hashtag_id) VALUE (25, 12);
INSERT INTO art_hashtag(art_id, hashtag_id) VALUE (25, 14);
INSERT INTO art_hashtag(art_id, hashtag_id) VALUE (25, 21);
INSERT INTO art_hashtag(art_id, hashtag_id) VALUE (25, 23);
INSERT INTO art_hashtag(art_id, hashtag_id) VALUE (25, 27);
INSERT INTO art_hashtag(art_id, hashtag_id) VALUE (25, 37);
INSERT INTO art_hashtag(art_id, hashtag_id) VALUE (25, 44);
INSERT INTO art_hashtag(art_id, hashtag_id) VALUE (25, 45);
INSERT INTO art_hashtag(art_id, hashtag_id) VALUE (26, 11);
INSERT INTO art_hashtag(art_id, hashtag_id) VALUE (26, 20);
INSERT INTO art_hashtag(art_id, hashtag_id) VALUE (26, 35);
INSERT INTO art_hashtag(art_id, hashtag_id) VALUE (26, 40);
INSERT INTO art_hashtag(art_id, hashtag_id) VALUE (27, 1);
INSERT INTO art_hashtag(art_id, hashtag_id) VALUE (27, 7);
INSERT INTO art_hashtag(art_id, hashtag_id) VALUE (27, 14);
INSERT INTO art_hashtag(art_id, hashtag_id) VALUE (27, 25);
INSERT INTO art_hashtag(art_id, hashtag_id) VALUE (27, 33);
INSERT INTO art_hashtag(art_id, hashtag_id) VALUE (28, 3);
INSERT INTO art_hashtag(art_id, hashtag_id) VALUE (28, 5);
INSERT INTO art_hashtag(art_id, hashtag_id) VALUE (28, 10);
INSERT INTO art_hashtag(art_id, hashtag_id) VALUE (28, 15);
INSERT INTO art_hashtag(art_id, hashtag_id) VALUE (28, 18);
INSERT INTO art_hashtag(art_id, hashtag_id) VALUE (28, 20);
INSERT INTO art_hashtag(art_id, hashtag_id) VALUE (28, 27);
INSERT INTO art_hashtag(art_id, hashtag_id) VALUE (28, 44);
INSERT INTO art_hashtag(art_id, hashtag_id) VALUE (28, 49);
INSERT INTO art_hashtag(art_id, hashtag_id) VALUE (29, 15);
INSERT INTO art_hashtag(art_id, hashtag_id) VALUE (29, 41);
INSERT INTO art_hashtag(art_id, hashtag_id) VALUE (29, 42);
INSERT INTO art_hashtag(art_id, hashtag_id) VALUE (30, 1);
INSERT INTO art_hashtag(art_id, hashtag_id) VALUE (30, 9);
INSERT INTO art_hashtag(art_id, hashtag_id) VALUE (30, 15);
INSERT INTO art_hashtag(art_id, hashtag_id) VALUE (30, 16);
INSERT INTO art_hashtag(art_id, hashtag_id) VALUE (30, 26);
INSERT INTO art_hashtag(art_id, hashtag_id) VALUE (30, 29);
INSERT INTO art_hashtag(art_id, hashtag_id) VALUE (30, 37);
INSERT INTO art_hashtag(art_id, hashtag_id) VALUE (30, 42);
INSERT INTO art_hashtag(art_id, hashtag_id) VALUE (31, 7);
INSERT INTO art_hashtag(art_id, hashtag_id) VALUE (31, 34);
INSERT INTO art_hashtag(art_id, hashtag_id) VALUE (31, 47);
INSERT INTO art_hashtag(art_id, hashtag_id) VALUE (32, 1);
INSERT INTO art_hashtag(art_id, hashtag_id) VALUE (32, 5);
INSERT INTO art_hashtag(art_id, hashtag_id) VALUE (32, 33);
INSERT INTO art_hashtag(art_id, hashtag_id) VALUE (32, 37);
INSERT INTO art_hashtag(art_id, hashtag_id) VALUE (32, 39);
INSERT INTO art_hashtag(art_id, hashtag_id) VALUE (32, 40);
INSERT INTO art_hashtag(art_id, hashtag_id) VALUE (32, 42);
INSERT INTO art_hashtag(art_id, hashtag_id) VALUE (32, 43);
INSERT INTO art_hashtag(art_id, hashtag_id) VALUE (32, 49);
INSERT INTO art_hashtag(art_id, hashtag_id) VALUE (33, 20);
INSERT INTO art_hashtag(art_id, hashtag_id) VALUE (33, 38);
INSERT INTO art_hashtag(art_id, hashtag_id) VALUE (33, 43);
INSERT INTO art_hashtag(art_id, hashtag_id) VALUE (33, 48);
INSERT INTO art_hashtag(art_id, hashtag_id) VALUE (34, 8);
INSERT INTO art_hashtag(art_id, hashtag_id) VALUE (34, 9);
INSERT INTO art_hashtag(art_id, hashtag_id) VALUE (34, 13);
INSERT INTO art_hashtag(art_id, hashtag_id) VALUE (34, 21);
INSERT INTO art_hashtag(art_id, hashtag_id) VALUE (34, 22);
INSERT INTO art_hashtag(art_id, hashtag_id) VALUE (34, 23);
INSERT INTO art_hashtag(art_id, hashtag_id) VALUE (34, 33);
INSERT INTO art_hashtag(art_id, hashtag_id) VALUE (34, 39);
INSERT INTO art_hashtag(art_id, hashtag_id) VALUE (34, 43);
INSERT INTO art_hashtag(art_id, hashtag_id) VALUE (34, 44);
INSERT INTO art_hashtag(art_id, hashtag_id) VALUE (35, 4);
INSERT INTO art_hashtag(art_id, hashtag_id) VALUE (35, 6);
INSERT INTO art_hashtag(art_id, hashtag_id) VALUE (35, 18);
INSERT INTO art_hashtag(art_id, hashtag_id) VALUE (35, 20);
INSERT INTO art_hashtag(art_id, hashtag_id) VALUE (35, 28);
INSERT INTO art_hashtag(art_id, hashtag_id) VALUE (35, 33);
INSERT INTO art_hashtag(art_id, hashtag_id) VALUE (36, 5);
INSERT INTO art_hashtag(art_id, hashtag_id) VALUE (36, 39);
INSERT INTO art_hashtag(art_id, hashtag_id) VALUE (36, 48);
INSERT INTO art_hashtag(art_id, hashtag_id) VALUE (37, 4);
INSERT INTO art_hashtag(art_id, hashtag_id) VALUE (38, 1);
INSERT INTO art_hashtag(art_id, hashtag_id) VALUE (38, 14);
INSERT INTO art_hashtag(art_id, hashtag_id) VALUE (38, 16);
INSERT INTO art_hashtag(art_id, hashtag_id) VALUE (38, 19);
INSERT INTO art_hashtag(art_id, hashtag_id) VALUE (38, 21);
INSERT INTO art_hashtag(art_id, hashtag_id) VALUE (38, 33);
INSERT INTO art_hashtag(art_id, hashtag_id) VALUE (38, 47);
INSERT INTO art_hashtag(art_id, hashtag_id) VALUE (39, 6);
INSERT INTO art_hashtag(art_id, hashtag_id) VALUE (39, 27);
INSERT INTO art_hashtag(art_id, hashtag_id) VALUE (39, 28);
INSERT INTO art_hashtag(art_id, hashtag_id) VALUE (39, 29);
INSERT INTO art_hashtag(art_id, hashtag_id) VALUE (39, 33);
INSERT INTO art_hashtag(art_id, hashtag_id) VALUE (39, 38);
INSERT INTO art_hashtag(art_id, hashtag_id) VALUE (39, 39);
INSERT INTO art_hashtag(art_id, hashtag_id) VALUE (39, 43);
INSERT INTO art_hashtag(art_id, hashtag_id) VALUE (39, 47);
INSERT INTO art_hashtag(art_id, hashtag_id) VALUE (40, 11);
INSERT INTO art_hashtag(art_id, hashtag_id) VALUE (40, 25);
INSERT INTO art_hashtag(art_id, hashtag_id) VALUE (40, 49);
INSERT INTO art_hashtag(art_id, hashtag_id) VALUE (40, 50);
INSERT INTO art_hashtag(art_id, hashtag_id) VALUE (41, 3);
INSERT INTO art_hashtag(art_id, hashtag_id) VALUE (41, 8);
INSERT INTO art_hashtag(art_id, hashtag_id) VALUE (41, 9);
INSERT INTO art_hashtag(art_id, hashtag_id) VALUE (41, 13);
INSERT INTO art_hashtag(art_id, hashtag_id) VALUE (41, 14);
INSERT INTO art_hashtag(art_id, hashtag_id) VALUE (41, 18);
INSERT INTO art_hashtag(art_id, hashtag_id) VALUE (41, 24);
INSERT INTO art_hashtag(art_id, hashtag_id) VALUE (41, 34);
INSERT INTO art_hashtag(art_id, hashtag_id) VALUE (41, 46);
INSERT INTO art_hashtag(art_id, hashtag_id) VALUE (41, 49);
INSERT INTO art_hashtag(art_id, hashtag_id) VALUE (42, 39);
INSERT INTO art_hashtag(art_id, hashtag_id) VALUE (42, 43);
INSERT INTO art_hashtag(art_id, hashtag_id) VALUE (42, 46);
INSERT INTO art_hashtag(art_id, hashtag_id) VALUE (43, 2);
INSERT INTO art_hashtag(art_id, hashtag_id) VALUE (43, 12);
INSERT INTO art_hashtag(art_id, hashtag_id) VALUE (43, 19);
INSERT INTO art_hashtag(art_id, hashtag_id) VALUE (43, 20);
INSERT INTO art_hashtag(art_id, hashtag_id) VALUE (43, 21);
INSERT INTO art_hashtag(art_id, hashtag_id) VALUE (44, 14);
INSERT INTO art_hashtag(art_id, hashtag_id) VALUE (44, 20);
INSERT INTO art_hashtag(art_id, hashtag_id) VALUE (44, 35);
INSERT INTO art_hashtag(art_id, hashtag_id) VALUE (45, 12);
INSERT INTO art_hashtag(art_id, hashtag_id) VALUE (45, 35);
INSERT INTO art_hashtag(art_id, hashtag_id) VALUE (45, 36);
INSERT INTO art_hashtag(art_id, hashtag_id) VALUE (45, 49);
INSERT INTO art_hashtag(art_id, hashtag_id) VALUE (46, 1);
INSERT INTO art_hashtag(art_id, hashtag_id) VALUE (46, 4);
INSERT INTO art_hashtag(art_id, hashtag_id) VALUE (46, 14);
INSERT INTO art_hashtag(art_id, hashtag_id) VALUE (46, 44);
INSERT INTO art_hashtag(art_id, hashtag_id) VALUE (47, 26);
INSERT INTO art_hashtag(art_id, hashtag_id) VALUE (48, 14);
INSERT INTO art_hashtag(art_id, hashtag_id) VALUE (48, 21);
INSERT INTO art_hashtag(art_id, hashtag_id) VALUE (48, 25);
INSERT INTO art_hashtag(art_id, hashtag_id) VALUE (48, 34);
INSERT INTO art_hashtag(art_id, hashtag_id) VALUE (48, 40);
INSERT INTO art_hashtag(art_id, hashtag_id) VALUE (49, 7);
INSERT INTO art_hashtag(art_id, hashtag_id) VALUE (49, 9);
INSERT INTO art_hashtag(art_id, hashtag_id) VALUE (49, 10);
INSERT INTO art_hashtag(art_id, hashtag_id) VALUE (49, 42);
INSERT INTO art_hashtag(art_id, hashtag_id) VALUE (49, 47);
INSERT INTO art_hashtag(art_id, hashtag_id) VALUE (50, 33);
INSERT INTO art_hashtag(art_id, hashtag_id) VALUE (50, 34);
INSERT INTO art_hashtag(art_id, hashtag_id) VALUE (51, 16);
INSERT INTO art_hashtag(art_id, hashtag_id) VALUE (51, 23);
INSERT INTO art_hashtag(art_id, hashtag_id) VALUE (52, 13);
INSERT INTO art_hashtag(art_id, hashtag_id) VALUE (53, 8);
INSERT INTO art_hashtag(art_id, hashtag_id) VALUE (53, 15);
INSERT INTO art_hashtag(art_id, hashtag_id) VALUE (53, 29);
INSERT INTO art_hashtag(art_id, hashtag_id) VALUE (53, 30);
INSERT INTO art_hashtag(art_id, hashtag_id) VALUE (53, 41);
INSERT INTO art_hashtag(art_id, hashtag_id) VALUE (53, 42);
INSERT INTO art_hashtag(art_id, hashtag_id) VALUE (53, 45);
INSERT INTO art_hashtag(art_id, hashtag_id) VALUE (54, 1);
INSERT INTO art_hashtag(art_id, hashtag_id) VALUE (54, 15);
INSERT INTO art_hashtag(art_id, hashtag_id) VALUE (54, 25);
INSERT INTO art_hashtag(art_id, hashtag_id) VALUE (54, 27);
INSERT INTO art_hashtag(art_id, hashtag_id) VALUE (54, 37);
INSERT INTO art_hashtag(art_id, hashtag_id) VALUE (55, 2);
INSERT INTO art_hashtag(art_id, hashtag_id) VALUE (55, 13);
INSERT INTO art_hashtag(art_id, hashtag_id) VALUE (55, 28);
INSERT INTO art_hashtag(art_id, hashtag_id) VALUE (55, 44);
INSERT INTO art_hashtag(art_id, hashtag_id) VALUE (56, 6);
INSERT INTO art_hashtag(art_id, hashtag_id) VALUE (56, 8);
INSERT INTO art_hashtag(art_id, hashtag_id) VALUE (56, 10);
INSERT INTO art_hashtag(art_id, hashtag_id) VALUE (56, 33);
INSERT INTO art_hashtag(art_id, hashtag_id) VALUE (56, 50);
INSERT INTO art_hashtag(art_id, hashtag_id) VALUE (57, 20);
INSERT INTO art_hashtag(art_id, hashtag_id) VALUE (57, 35);
INSERT INTO art_hashtag(art_id, hashtag_id) VALUE (57, 37);
INSERT INTO art_hashtag(art_id, hashtag_id) VALUE (57, 42);
INSERT INTO art_hashtag(art_id, hashtag_id) VALUE (57, 48);
INSERT INTO art_hashtag(art_id, hashtag_id) VALUE (57, 49);
INSERT INTO art_hashtag(art_id, hashtag_id) VALUE (58, 1);
INSERT INTO art_hashtag(art_id, hashtag_id) VALUE (58, 7);
INSERT INTO art_hashtag(art_id, hashtag_id) VALUE (58, 17);
INSERT INTO art_hashtag(art_id, hashtag_id) VALUE (58, 21);
INSERT INTO art_hashtag(art_id, hashtag_id) VALUE (58, 25);
INSERT INTO art_hashtag(art_id, hashtag_id) VALUE (58, 37);
INSERT INTO art_hashtag(art_id, hashtag_id) VALUE (58, 42);
INSERT INTO art_hashtag(art_id, hashtag_id) VALUE (58, 47);
INSERT INTO art_hashtag(art_id, hashtag_id) VALUE (58, 50);
INSERT INTO art_hashtag(art_id, hashtag_id) VALUE (59, 28);
INSERT INTO art_hashtag(art_id, hashtag_id) VALUE (60, 3);
INSERT INTO art_hashtag(art_id, hashtag_id) VALUE (60, 6);
INSERT INTO art_hashtag(art_id, hashtag_id) VALUE (60, 13);
INSERT INTO art_hashtag(art_id, hashtag_id) VALUE (60, 21);
INSERT INTO art_hashtag(art_id, hashtag_id) VALUE (60, 31);
INSERT INTO art_hashtag(art_id, hashtag_id) VALUE (60, 44);
INSERT INTO art_hashtag(art_id, hashtag_id) VALUE (61, 13);
INSERT INTO art_hashtag(art_id, hashtag_id) VALUE (61, 45);
INSERT INTO art_hashtag(art_id, hashtag_id) VALUE (62, 12);
INSERT INTO art_hashtag(art_id, hashtag_id) VALUE (62, 13);
INSERT INTO art_hashtag(art_id, hashtag_id) VALUE (62, 17);
INSERT INTO art_hashtag(art_id, hashtag_id) VALUE (62, 21);
INSERT INTO art_hashtag(art_id, hashtag_id) VALUE (62, 23);
INSERT INTO art_hashtag(art_id, hashtag_id) VALUE (62, 32);
INSERT INTO art_hashtag(art_id, hashtag_id) VALUE (62, 33);
INSERT INTO art_hashtag(art_id, hashtag_id) VALUE (62, 34);
INSERT INTO art_hashtag(art_id, hashtag_id) VALUE (62, 36);
INSERT INTO art_hashtag(art_id, hashtag_id) VALUE (62, 49);
INSERT INTO art_hashtag(art_id, hashtag_id) VALUE (63, 8);
INSERT INTO art_hashtag(art_id, hashtag_id) VALUE (63, 11);
INSERT INTO art_hashtag(art_id, hashtag_id) VALUE (63, 23);
INSERT INTO art_hashtag(art_id, hashtag_id) VALUE (63, 29);
INSERT INTO art_hashtag(art_id, hashtag_id) VALUE (63, 34);
INSERT INTO art_hashtag(art_id, hashtag_id) VALUE (63, 43);
INSERT INTO art_hashtag(art_id, hashtag_id) VALUE (63, 45);
INSERT INTO art_hashtag(art_id, hashtag_id) VALUE (64, 7);
INSERT INTO art_hashtag(art_id, hashtag_id) VALUE (64, 12);
INSERT INTO art_hashtag(art_id, hashtag_id) VALUE (64, 14);
INSERT INTO art_hashtag(art_id, hashtag_id) VALUE (64, 19);
INSERT INTO art_hashtag(art_id, hashtag_id) VALUE (64, 22);
INSERT INTO art_hashtag(art_id, hashtag_id) VALUE (64, 41);
INSERT INTO art_hashtag(art_id, hashtag_id) VALUE (64, 50);
INSERT INTO art_hashtag(art_id, hashtag_id) VALUE (65, 3);
INSERT INTO art_hashtag(art_id, hashtag_id) VALUE (65, 18);
INSERT INTO art_hashtag(art_id, hashtag_id) VALUE (65, 20);
INSERT INTO art_hashtag(art_id, hashtag_id) VALUE (65, 25);
INSERT INTO art_hashtag(art_id, hashtag_id) VALUE (65, 26);
INSERT INTO art_hashtag(art_id, hashtag_id) VALUE (65, 28);
INSERT INTO art_hashtag(art_id, hashtag_id) VALUE (65, 30);
INSERT INTO art_hashtag(art_id, hashtag_id) VALUE (65, 39);
INSERT INTO art_hashtag(art_id, hashtag_id) VALUE (65, 41);
INSERT INTO art_hashtag(art_id, hashtag_id) VALUE (66, 3);
INSERT INTO art_hashtag(art_id, hashtag_id) VALUE (66, 4);
INSERT INTO art_hashtag(art_id, hashtag_id) VALUE (66, 11);
INSERT INTO art_hashtag(art_id, hashtag_id) VALUE (66, 12);
INSERT INTO art_hashtag(art_id, hashtag_id) VALUE (66, 14);
INSERT INTO art_hashtag(art_id, hashtag_id) VALUE (66, 19);
INSERT INTO art_hashtag(art_id, hashtag_id) VALUE (66, 20);
INSERT INTO art_hashtag(art_id, hashtag_id) VALUE (66, 27);
INSERT INTO art_hashtag(art_id, hashtag_id) VALUE (66, 41);
INSERT INTO art_hashtag(art_id, hashtag_id) VALUE (67, 27);
INSERT INTO art_hashtag(art_id, hashtag_id) VALUE (67, 32);
INSERT INTO art_hashtag(art_id, hashtag_id) VALUE (68, 4);
INSERT INTO art_hashtag(art_id, hashtag_id) VALUE (68, 9);
INSERT INTO art_hashtag(art_id, hashtag_id) VALUE (68, 13);
INSERT INTO art_hashtag(art_id, hashtag_id) VALUE (68, 14);
INSERT INTO art_hashtag(art_id, hashtag_id) VALUE (68, 28);
INSERT INTO art_hashtag(art_id, hashtag_id) VALUE (68, 39);
INSERT INTO art_hashtag(art_id, hashtag_id) VALUE (68, 44);
INSERT INTO art_hashtag(art_id, hashtag_id) VALUE (69, 30);
INSERT INTO art_hashtag(art_id, hashtag_id) VALUE (69, 49);
INSERT INTO art_hashtag(art_id, hashtag_id) VALUE (70, 3);
INSERT INTO art_hashtag(art_id, hashtag_id) VALUE (70, 14);
INSERT INTO art_hashtag(art_id, hashtag_id) VALUE (70, 33);
INSERT INTO art_hashtag(art_id, hashtag_id) VALUE (71, 3);
INSERT INTO art_hashtag(art_id, hashtag_id) VALUE (71, 11);
INSERT INTO art_hashtag(art_id, hashtag_id) VALUE (71, 13);
INSERT INTO art_hashtag(art_id, hashtag_id) VALUE (71, 16);
INSERT INTO art_hashtag(art_id, hashtag_id) VALUE (71, 18);
INSERT INTO art_hashtag(art_id, hashtag_id) VALUE (71, 29);
INSERT INTO art_hashtag(art_id, hashtag_id) VALUE (71, 37);
INSERT INTO art_hashtag(art_id, hashtag_id) VALUE (71, 49);
INSERT INTO art_hashtag(art_id, hashtag_id) VALUE (72, 5);
INSERT INTO art_hashtag(art_id, hashtag_id) VALUE (72, 9);
INSERT INTO art_hashtag(art_id, hashtag_id) VALUE (72, 14);
INSERT INTO art_hashtag(art_id, hashtag_id) VALUE (72, 27);
INSERT INTO art_hashtag(art_id, hashtag_id) VALUE (72, 38);
INSERT INTO art_hashtag(art_id, hashtag_id) VALUE (72, 45);
INSERT INTO art_hashtag(art_id, hashtag_id) VALUE (73, 9);
INSERT INTO art_hashtag(art_id, hashtag_id) VALUE (74, 18);
INSERT INTO art_hashtag(art_id, hashtag_id) VALUE (75, 8);
INSERT INTO art_hashtag(art_id, hashtag_id) VALUE (75, 13);
INSERT INTO art_hashtag(art_id, hashtag_id) VALUE (75, 16);
INSERT INTO art_hashtag(art_id, hashtag_id) VALUE (75, 25);
INSERT INTO art_hashtag(art_id, hashtag_id) VALUE (75, 40);
INSERT INTO art_hashtag(art_id, hashtag_id) VALUE (75, 49);
INSERT INTO art_hashtag(art_id, hashtag_id) VALUE (76, 13);
INSERT INTO art_hashtag(art_id, hashtag_id) VALUE (76, 33);
INSERT INTO art_hashtag(art_id, hashtag_id) VALUE (76, 37);
INSERT INTO art_hashtag(art_id, hashtag_id) VALUE (76, 43);
INSERT INTO art_hashtag(art_id, hashtag_id) VALUE (77, 49);
INSERT INTO art_hashtag(art_id, hashtag_id) VALUE (77, 50);
INSERT INTO art_hashtag(art_id, hashtag_id) VALUE (78, 4);
INSERT INTO art_hashtag(art_id, hashtag_id) VALUE (78, 12);
INSERT INTO art_hashtag(art_id, hashtag_id) VALUE (78, 17);
INSERT INTO art_hashtag(art_id, hashtag_id) VALUE (78, 29);
INSERT INTO art_hashtag(art_id, hashtag_id) VALUE (78, 32);
INSERT INTO art_hashtag(art_id, hashtag_id) VALUE (79, 7);
INSERT INTO art_hashtag(art_id, hashtag_id) VALUE (79, 8);
INSERT INTO art_hashtag(art_id, hashtag_id) VALUE (79, 11);
INSERT INTO art_hashtag(art_id, hashtag_id) VALUE (79, 20);
INSERT INTO art_hashtag(art_id, hashtag_id) VALUE (79, 21);
INSERT INTO art_hashtag(art_id, hashtag_id) VALUE (79, 26);
INSERT INTO art_hashtag(art_id, hashtag_id) VALUE (79, 36);
INSERT INTO art_hashtag(art_id, hashtag_id) VALUE (79, 46);
INSERT INTO art_hashtag(art_id, hashtag_id) VALUE (80, 8);
INSERT INTO art_hashtag(art_id, hashtag_id) VALUE (80, 18);
INSERT INTO art_hashtag(art_id, hashtag_id) VALUE (80, 27);
INSERT INTO art_hashtag(art_id, hashtag_id) VALUE (80, 28);
INSERT INTO art_hashtag(art_id, hashtag_id) VALUE (80, 34);
INSERT INTO art_hashtag(art_id, hashtag_id) VALUE (80, 45);
INSERT INTO art_hashtag(art_id, hashtag_id) VALUE (80, 50);
INSERT INTO art_hashtag(art_id, hashtag_id) VALUE (81, 1);
INSERT INTO art_hashtag(art_id, hashtag_id) VALUE (81, 3);
INSERT INTO art_hashtag(art_id, hashtag_id) VALUE (81, 7);
INSERT INTO art_hashtag(art_id, hashtag_id) VALUE (81, 13);
INSERT INTO art_hashtag(art_id, hashtag_id) VALUE (81, 17);
INSERT INTO art_hashtag(art_id, hashtag_id) VALUE (81, 20);
INSERT INTO art_hashtag(art_id, hashtag_id) VALUE (81, 25);
INSERT INTO art_hashtag(art_id, hashtag_id) VALUE (81, 46);
INSERT INTO art_hashtag(art_id, hashtag_id) VALUE (82, 8);
INSERT INTO art_hashtag(art_id, hashtag_id) VALUE (82, 9);
INSERT INTO art_hashtag(art_id, hashtag_id) VALUE (82, 20);
INSERT INTO art_hashtag(art_id, hashtag_id) VALUE (82, 24);
INSERT INTO art_hashtag(art_id, hashtag_id) VALUE (82, 26);
INSERT INTO art_hashtag(art_id, hashtag_id) VALUE (82, 45);
INSERT INTO art_hashtag(art_id, hashtag_id) VALUE (82, 48);
INSERT INTO art_hashtag(art_id, hashtag_id) VALUE (83, 1);
INSERT INTO art_hashtag(art_id, hashtag_id) VALUE (83, 3);
INSERT INTO art_hashtag(art_id, hashtag_id) VALUE (83, 10);
INSERT INTO art_hashtag(art_id, hashtag_id) VALUE (83, 21);
INSERT INTO art_hashtag(art_id, hashtag_id) VALUE (83, 28);
INSERT INTO art_hashtag(art_id, hashtag_id) VALUE (83, 32);
INSERT INTO art_hashtag(art_id, hashtag_id) VALUE (83, 36);
INSERT INTO art_hashtag(art_id, hashtag_id) VALUE (84, 30);
INSERT INTO art_hashtag(art_id, hashtag_id) VALUE (84, 34);
INSERT INTO art_hashtag(art_id, hashtag_id) VALUE (84, 43);
INSERT INTO art_hashtag(art_id, hashtag_id) VALUE (85, 9);
INSERT INTO art_hashtag(art_id, hashtag_id) VALUE (85, 17);
INSERT INTO art_hashtag(art_id, hashtag_id) VALUE (85, 24);
INSERT INTO art_hashtag(art_id, hashtag_id) VALUE (85, 34);
INSERT INTO art_hashtag(art_id, hashtag_id) VALUE (85, 40);
INSERT INTO art_hashtag(art_id, hashtag_id) VALUE (85, 50);
INSERT INTO art_hashtag(art_id, hashtag_id) VALUE (86, 1);
INSERT INTO art_hashtag(art_id, hashtag_id) VALUE (86, 9);
INSERT INTO art_hashtag(art_id, hashtag_id) VALUE (86, 20);
INSERT INTO art_hashtag(art_id, hashtag_id) VALUE (86, 23);
INSERT INTO art_hashtag(art_id, hashtag_id) VALUE (86, 25);
INSERT INTO art_hashtag(art_id, hashtag_id) VALUE (86, 27);
INSERT INTO art_hashtag(art_id, hashtag_id) VALUE (86, 30);
INSERT INTO art_hashtag(art_id, hashtag_id) VALUE (86, 37);
INSERT INTO art_hashtag(art_id, hashtag_id) VALUE (86, 42);
INSERT INTO art_hashtag(art_id, hashtag_id) VALUE (86, 44);
INSERT INTO art_hashtag(art_id, hashtag_id) VALUE (87, 41);
INSERT INTO art_hashtag(art_id, hashtag_id) VALUE (87, 47);
INSERT INTO art_hashtag(art_id, hashtag_id) VALUE (88, 4);
INSERT INTO art_hashtag(art_id, hashtag_id) VALUE (88, 5);
INSERT INTO art_hashtag(art_id, hashtag_id) VALUE (88, 13);
INSERT INTO art_hashtag(art_id, hashtag_id) VALUE (88, 24);
INSERT INTO art_hashtag(art_id, hashtag_id) VALUE (88, 45);
INSERT INTO art_hashtag(art_id, hashtag_id) VALUE (89, 1);
INSERT INTO art_hashtag(art_id, hashtag_id) VALUE (89, 10);
INSERT INTO art_hashtag(art_id, hashtag_id) VALUE (89, 16);
INSERT INTO art_hashtag(art_id, hashtag_id) VALUE (89, 20);
INSERT INTO art_hashtag(art_id, hashtag_id) VALUE (89, 22);
INSERT INTO art_hashtag(art_id, hashtag_id) VALUE (89, 25);
INSERT INTO art_hashtag(art_id, hashtag_id) VALUE (89, 30);
INSERT INTO art_hashtag(art_id, hashtag_id) VALUE (89, 36);
INSERT INTO art_hashtag(art_id, hashtag_id) VALUE (89, 45);
INSERT INTO art_hashtag(art_id, hashtag_id) VALUE (90, 2);
INSERT INTO art_hashtag(art_id, hashtag_id) VALUE (90, 11);
INSERT INTO art_hashtag(art_id, hashtag_id) VALUE (90, 15);
INSERT INTO art_hashtag(art_id, hashtag_id) VALUE (90, 20);
INSERT INTO art_hashtag(art_id, hashtag_id) VALUE (90, 29);
INSERT INTO art_hashtag(art_id, hashtag_id) VALUE (90, 41);
INSERT INTO art_hashtag(art_id, hashtag_id) VALUE (91, 3);
INSERT INTO art_hashtag(art_id, hashtag_id) VALUE (91, 5);
INSERT INTO art_hashtag(art_id, hashtag_id) VALUE (91, 8);
INSERT INTO art_hashtag(art_id, hashtag_id) VALUE (91, 30);
INSERT INTO art_hashtag(art_id, hashtag_id) VALUE (91, 36);
INSERT INTO art_hashtag(art_id, hashtag_id) VALUE (91, 40);
INSERT INTO art_hashtag(art_id, hashtag_id) VALUE (92, 4);
INSERT INTO art_hashtag(art_id, hashtag_id) VALUE (92, 25);
INSERT INTO art_hashtag(art_id, hashtag_id) VALUE (92, 30);
INSERT INTO art_hashtag(art_id, hashtag_id) VALUE (92, 44);
INSERT INTO art_hashtag(art_id, hashtag_id) VALUE (93, 10);
INSERT INTO art_hashtag(art_id, hashtag_id) VALUE (93, 17);
INSERT INTO art_hashtag(art_id, hashtag_id) VALUE (93, 27);
INSERT INTO art_hashtag(art_id, hashtag_id) VALUE (93, 37);
INSERT INTO art_hashtag(art_id, hashtag_id) VALUE (93, 44);
INSERT INTO art_hashtag(art_id, hashtag_id) VALUE (94, 1);
INSERT INTO art_hashtag(art_id, hashtag_id) VALUE (94, 9);
INSERT INTO art_hashtag(art_id, hashtag_id) VALUE (94, 10);
INSERT INTO art_hashtag(art_id, hashtag_id) VALUE (94, 11);
INSERT INTO art_hashtag(art_id, hashtag_id) VALUE (94, 24);
INSERT INTO art_hashtag(art_id, hashtag_id) VALUE (94, 39);
INSERT INTO art_hashtag(art_id, hashtag_id) VALUE (94, 43);
INSERT INTO art_hashtag(art_id, hashtag_id) VALUE (94, 45);
INSERT INTO art_hashtag(art_id, hashtag_id) VALUE (95, 5);
INSERT INTO art_hashtag(art_id, hashtag_id) VALUE (95, 14);
INSERT INTO art_hashtag(art_id, hashtag_id) VALUE (95, 17);
INSERT INTO art_hashtag(art_id, hashtag_id) VALUE (95, 23);
INSERT INTO art_hashtag(art_id, hashtag_id) VALUE (95, 43);


-- 5. auction
INSERT INTO auction(art_id, user_id, bid_price, start_date, end_date)
VALUES (1, 2, 40000, SUBDATE(CURRENT_DATE, 1), ADDDATE(CURRENT_DATE, 1));
INSERT INTO auction(art_id, user_id, bid_price, start_date, end_date)
VALUES (2, 23, 55000, SUBDATE(CURRENT_DATE, 1), ADDDATE(CURRENT_DATE, 1));
INSERT INTO auction(art_id, user_id, bid_price, start_date, end_date)
VALUES (4, 11, 100000, SUBDATE(CURRENT_DATE, 1), ADDDATE(CURRENT_DATE, 1));
INSERT INTO auction(art_id, user_id, bid_price, start_date, end_date)
VALUES (5, 24, 75000, SUBDATE(CURRENT_DATE, 1), ADDDATE(CURRENT_DATE, 1));
INSERT INTO auction(art_id, user_id, bid_price, start_date, end_date)
VALUES (6, 49, 25000, SUBDATE(CURRENT_DATE, 1), ADDDATE(CURRENT_DATE, 1));
INSERT INTO auction(art_id, user_id, bid_price, start_date, end_date)
VALUES (7, 13, 36000, SUBDATE(CURRENT_DATE, 1), ADDDATE(CURRENT_DATE, 1));
INSERT INTO auction(art_id, user_id, bid_price, start_date, end_date)
VALUES (11, 27, 750000, SUBDATE(CURRENT_DATE, 1), ADDDATE(CURRENT_DATE, 1));
INSERT INTO auction(art_id, user_id, bid_price, start_date, end_date)
VALUES (13, 39, 5000, SUBDATE(CURRENT_DATE, 1), ADDDATE(CURRENT_DATE, 1));
INSERT INTO auction(art_id, user_id, bid_price, start_date, end_date)
VALUES (15, 37, 78000, SUBDATE(CURRENT_DATE, 1), ADDDATE(CURRENT_DATE, 1));
INSERT INTO auction(art_id, user_id, bid_price, start_date, end_date)
VALUES (17, 21, 49000, SUBDATE(CURRENT_DATE, 1), ADDDATE(CURRENT_DATE, 1));
INSERT INTO auction(art_id, user_id, bid_price, start_date, end_date)
VALUES (19, 18, 132000, SUBDATE(CURRENT_DATE, 1), ADDDATE(CURRENT_DATE, 1));
INSERT INTO auction(art_id, user_id, bid_price, start_date, end_date)
VALUES (21, 44, 130000, SUBDATE(CURRENT_DATE, 1), ADDDATE(CURRENT_DATE, 1));
INSERT INTO auction(art_id, user_id, bid_price, start_date, end_date)
VALUES (22, 14, 20000, SUBDATE(CURRENT_DATE, 1), ADDDATE(CURRENT_DATE, 1));
INSERT INTO auction(art_id, user_id, bid_price, start_date, end_date)
VALUES (23, 22, 95000, SUBDATE(CURRENT_DATE, 1), ADDDATE(CURRENT_DATE, 1));
INSERT INTO auction(art_id, user_id, bid_price, start_date, end_date)
VALUES (24, 35, 230000, SUBDATE(CURRENT_DATE, 1), ADDDATE(CURRENT_DATE, 1));
INSERT INTO auction(art_id, user_id, bid_price, start_date, end_date)
VALUES (25, 28, 45000, SUBDATE(CURRENT_DATE, 1), ADDDATE(CURRENT_DATE, 1));
INSERT INTO auction(art_id, user_id, bid_price, start_date, end_date)
VALUES (27, 33, 48000, SUBDATE(CURRENT_DATE, 1), ADDDATE(CURRENT_DATE, 1));
INSERT INTO auction(art_id, user_id, bid_price, start_date, end_date)
VALUES (28, 34, 10000, SUBDATE(CURRENT_DATE, 1), ADDDATE(CURRENT_DATE, 1));
INSERT INTO auction(art_id, user_id, bid_price, start_date, end_date)
VALUES (29, 26, 34000, SUBDATE(CURRENT_DATE, 1), ADDDATE(CURRENT_DATE, 1));
INSERT INTO auction(art_id, user_id, bid_price, start_date, end_date)
VALUES (31, 49, 37000, SUBDATE(CURRENT_DATE, 1), ADDDATE(CURRENT_DATE, 1));
INSERT INTO auction(art_id, user_id, bid_price, start_date, end_date)
VALUES (33, 10, 60000, SUBDATE(CURRENT_DATE, 1), ADDDATE(CURRENT_DATE, 1));
INSERT INTO auction(art_id, user_id, bid_price, start_date, end_date)
VALUES (34, 16, 62000, SUBDATE(CURRENT_DATE, 1), ADDDATE(CURRENT_DATE, 1));
INSERT INTO auction(art_id, user_id, bid_price, start_date, end_date)
VALUES (37, 6, 112000, SUBDATE(CURRENT_DATE, 1), ADDDATE(CURRENT_DATE, 1));
INSERT INTO auction(art_id, user_id, bid_price, start_date, end_date)
VALUES (38, 39, 115000, SUBDATE(CURRENT_DATE, 1), ADDDATE(CURRENT_DATE, 1));
INSERT INTO auction(art_id, user_id, bid_price, start_date, end_date)
VALUES (40, 14, 140000, SUBDATE(CURRENT_DATE, 1), ADDDATE(CURRENT_DATE, 1));
INSERT INTO auction(art_id, user_id, bid_price, start_date, end_date)
VALUES (41, 10, 55000, SUBDATE(CURRENT_DATE, 1), ADDDATE(CURRENT_DATE, 1));
INSERT INTO auction(art_id, user_id, bid_price, start_date, end_date)
VALUES (42, 25, 57000, SUBDATE(CURRENT_DATE, 1), ADDDATE(CURRENT_DATE, 1));
INSERT INTO auction(art_id, user_id, bid_price, start_date, end_date)
VALUES (44, 18, 77000, SUBDATE(CURRENT_DATE, 1), ADDDATE(CURRENT_DATE, 1));
INSERT INTO auction(art_id, user_id, bid_price, start_date, end_date)
VALUES (45, 42, 112000, SUBDATE(CURRENT_DATE, 1), ADDDATE(CURRENT_DATE, 1));
INSERT INTO auction(art_id, user_id, bid_price, start_date, end_date)
VALUES (46, 25, 120000, SUBDATE(CURRENT_DATE, 1), ADDDATE(CURRENT_DATE, 1));
INSERT INTO auction(art_id, user_id, bid_price, start_date, end_date)
VALUES (48, 22, 82000, SUBDATE(CURRENT_DATE, 1), ADDDATE(CURRENT_DATE, 1));
INSERT INTO auction(art_id, user_id, bid_price, start_date, end_date)
VALUES (49, 2, 71000, SUBDATE(CURRENT_DATE, 1), ADDDATE(CURRENT_DATE, 1));
INSERT INTO auction(art_id, user_id, bid_price, start_date, end_date)
VALUES (50, 4, 80000, SUBDATE(CURRENT_DATE, 1), ADDDATE(CURRENT_DATE, 1));
INSERT INTO auction(art_id, user_id, bid_price, start_date, end_date)
VALUES (52, 14, 78000, SUBDATE(CURRENT_DATE, 1), ADDDATE(CURRENT_DATE, 1));
INSERT INTO auction(art_id, user_id, bid_price, start_date, end_date)
VALUES (53, 39, 79000, SUBDATE(CURRENT_DATE, 1), ADDDATE(CURRENT_DATE, 1));
INSERT INTO auction(art_id, user_id, bid_price, start_date, end_date)
VALUES (54, 27, 85000, SUBDATE(CURRENT_DATE, 1), ADDDATE(CURRENT_DATE, 1));
INSERT INTO auction(art_id, user_id, bid_price, start_date, end_date)
VALUES (55, 36, 88000, SUBDATE(CURRENT_DATE, 1), ADDDATE(CURRENT_DATE, 1));
INSERT INTO auction(art_id, user_id, bid_price, start_date, end_date)
VALUES (56, 36, 82000, SUBDATE(CURRENT_DATE, 1), ADDDATE(CURRENT_DATE, 1));
INSERT INTO auction(art_id, user_id, bid_price, start_date, end_date)
VALUES (57, 30, 52000, SUBDATE(CURRENT_DATE, 1), ADDDATE(CURRENT_DATE, 1));
INSERT INTO auction(art_id, user_id, bid_price, start_date, end_date)
VALUES (58, 33, 79000, SUBDATE(CURRENT_DATE, 1), ADDDATE(CURRENT_DATE, 1));
INSERT INTO auction(art_id, user_id, bid_price, start_date, end_date)
VALUES (60, 47, 50000, SUBDATE(CURRENT_DATE, 1), ADDDATE(CURRENT_DATE, 1));
INSERT INTO auction(art_id, user_id, bid_price, start_date, end_date)
VALUES (61, 21, 40000, SUBDATE(CURRENT_DATE, 1), ADDDATE(CURRENT_DATE, 1));
INSERT INTO auction(art_id, user_id, bid_price, start_date, end_date)
VALUES (62, 13, 25000, SUBDATE(CURRENT_DATE, 1), ADDDATE(CURRENT_DATE, 1));
INSERT INTO auction(art_id, user_id, bid_price, start_date, end_date)
VALUES (63, 36, 40000, SUBDATE(CURRENT_DATE, 1), ADDDATE(CURRENT_DATE, 1));
INSERT INTO auction(art_id, user_id, bid_price, start_date, end_date)
VALUES (64, 16, 45000, SUBDATE(CURRENT_DATE, 1), ADDDATE(CURRENT_DATE, 1));
INSERT INTO auction(art_id, user_id, bid_price, start_date, end_date)
VALUES (65, 39, 49000, SUBDATE(CURRENT_DATE, 1), ADDDATE(CURRENT_DATE, 1));
INSERT INTO auction(art_id, user_id, bid_price, start_date, end_date)
VALUES (67, 49, 71000, SUBDATE(CURRENT_DATE, 1), ADDDATE(CURRENT_DATE, 1));
INSERT INTO auction(art_id, user_id, bid_price, start_date, end_date)
VALUES (68, 22, 72000, SUBDATE(CURRENT_DATE, 1), ADDDATE(CURRENT_DATE, 1));
INSERT INTO auction(art_id, user_id, bid_price, start_date, end_date)
VALUES (69, 27, 55000, SUBDATE(CURRENT_DATE, 1), ADDDATE(CURRENT_DATE, 1));
INSERT INTO auction(art_id, user_id, bid_price, start_date, end_date)
VALUES (70, 12, 70000, SUBDATE(CURRENT_DATE, 1), ADDDATE(CURRENT_DATE, 1));
INSERT INTO auction(art_id, user_id, bid_price, start_date, end_date)
VALUES (71, 6, 67000, SUBDATE(CURRENT_DATE, 1), ADDDATE(CURRENT_DATE, 1));
INSERT INTO auction(art_id, user_id, bid_price, start_date, end_date)
VALUES (72, 16, 90000, SUBDATE(CURRENT_DATE, 1), ADDDATE(CURRENT_DATE, 1));
INSERT INTO auction(art_id, user_id, bid_price, start_date, end_date)
VALUES (73, 25, 130000, SUBDATE(CURRENT_DATE, 1), ADDDATE(CURRENT_DATE, 1));
INSERT INTO auction(art_id, user_id, bid_price, start_date, end_date)
VALUES (74, 34, 105000, SUBDATE(CURRENT_DATE, 1), ADDDATE(CURRENT_DATE, 1));
INSERT INTO auction(art_id, user_id, bid_price, start_date, end_date)
VALUES (75, 14, 115000, SUBDATE(CURRENT_DATE, 1), ADDDATE(CURRENT_DATE, 1));
INSERT INTO auction(art_id, user_id, bid_price, start_date, end_date)
VALUES (76, 42, 89000, SUBDATE(CURRENT_DATE, 1), ADDDATE(CURRENT_DATE, 1));
INSERT INTO auction(art_id, user_id, bid_price, start_date, end_date)
VALUES (77, 45, 92000, SUBDATE(CURRENT_DATE, 1), ADDDATE(CURRENT_DATE, 1));
INSERT INTO auction(art_id, user_id, bid_price, start_date, end_date)
VALUES (79, 38, 64000, SUBDATE(CURRENT_DATE, 1), ADDDATE(CURRENT_DATE, 1));
INSERT INTO auction(art_id, user_id, bid_price, start_date, end_date)
VALUES (80, 24, 72000, SUBDATE(CURRENT_DATE, 1), ADDDATE(CURRENT_DATE, 1));
INSERT INTO auction(art_id, user_id, bid_price, start_date, end_date)
VALUES (81, 39, 72000, SUBDATE(CURRENT_DATE, 1), ADDDATE(CURRENT_DATE, 1));
INSERT INTO auction(art_id, user_id, bid_price, start_date, end_date)
VALUES (82, 2, 50000, SUBDATE(CURRENT_DATE, 1), ADDDATE(CURRENT_DATE, 1));
INSERT INTO auction(art_id, user_id, bid_price, start_date, end_date)
VALUES (83, 21, 87000, SUBDATE(CURRENT_DATE, 1), ADDDATE(CURRENT_DATE, 1));
INSERT INTO auction(art_id, user_id, bid_price, start_date, end_date)
VALUES (84, 10, 94000, SUBDATE(CURRENT_DATE, 1), ADDDATE(CURRENT_DATE, 1));
INSERT INTO auction(art_id, user_id, bid_price, start_date, end_date)
VALUES (86, 29, 85000, SUBDATE(CURRENT_DATE, 1), ADDDATE(CURRENT_DATE, 1));
INSERT INTO auction(art_id, user_id, bid_price, start_date, end_date)
VALUES (87, 24, 160000, SUBDATE(CURRENT_DATE, 1), ADDDATE(CURRENT_DATE, 1));
INSERT INTO auction(art_id, user_id, bid_price, start_date, end_date)
VALUES (88, 17, 170000, SUBDATE(CURRENT_DATE, 1), ADDDATE(CURRENT_DATE, 1));
INSERT INTO auction(art_id, user_id, bid_price, start_date, end_date)
VALUES (89, 9, 175000, SUBDATE(CURRENT_DATE, 1), ADDDATE(CURRENT_DATE, 1));
INSERT INTO auction(art_id, user_id, bid_price, start_date, end_date)
VALUES (90, 6, 570000, SUBDATE(CURRENT_DATE, 1), ADDDATE(CURRENT_DATE, 1));
INSERT INTO auction(art_id, user_id, bid_price, start_date, end_date)
VALUES (91, 35, 380000, SUBDATE(CURRENT_DATE, 1), ADDDATE(CURRENT_DATE, 1));
INSERT INTO auction(art_id, user_id, bid_price, start_date, end_date)
VALUES (92, 45, 50000, SUBDATE(CURRENT_DATE, 1), ADDDATE(CURRENT_DATE, 1));
INSERT INTO auction(art_id, user_id, bid_price, start_date, end_date)
VALUES (93, 14, 122000, SUBDATE(CURRENT_DATE, 1), ADDDATE(CURRENT_DATE, 1));
INSERT INTO auction(art_id, user_id, bid_price, start_date, end_date)
VALUES (94, 37, 120000, SUBDATE(CURRENT_DATE, 1), ADDDATE(CURRENT_DATE, 1));
INSERT INTO auction(art_id, user_id, bid_price, start_date, end_date)
VALUES (95, 18, 99000, SUBDATE(CURRENT_DATE, 1), ADDDATE(CURRENT_DATE, 1));


-- 6. AuctionHistory (100개 : 301 ~ 400)
INSERT INTO auction_history(auction_id, user_id, art_id, bid_price, bid_date)
VALUES (1, 2, 1, 10000, '2022-07-14 18:30:16');
INSERT INTO auction_history(auction_id, user_id, art_id, bid_price, bid_date)
VALUES (1, 6, 1, 12000, '2022-07-14 19:30:57');
INSERT INTO auction_history(auction_id, user_id, art_id, bid_price, bid_date)
VALUES (1, 17, 1, 25000, '2022-07-14 19:40:43');
INSERT INTO auction_history(auction_id, user_id, art_id, bid_price, bid_date)
VALUES (1, 6, 1, 30000, '2022-07-15 11:30:19');
INSERT INTO auction_history(auction_id, user_id, art_id, bid_price, bid_date)
VALUES (1, 2, 1, 40000, '2022-07-15 16:30:01');

INSERT INTO auction_history(auction_id, user_id, art_id, bid_price, bid_date)
VALUES (2, 4, 2, 20000, '2022-07-14 18:30:25');
INSERT INTO auction_history(auction_id, user_id, art_id, bid_price, bid_date)
VALUES (2, 23, 2, 30000, '2022-07-14 18:40:39');
INSERT INTO auction_history(auction_id, user_id, art_id, bid_price, bid_date)
VALUES (2, 4, 2, 32000, '2022-07-14 18:52:40');
INSERT INTO auction_history(auction_id, user_id, art_id, bid_price, bid_date)
VALUES (2, 23, 2, 35000, '2022-07-14 20:23:23');
INSERT INTO auction_history(auction_id, user_id, art_id, bid_price, bid_date)
VALUES (2, 4, 2, 36000, '2022-07-14 21:08:40');
INSERT INTO auction_history(auction_id, user_id, art_id, bid_price, bid_date)
VALUES (2, 23, 2, 55000, '2022-07-14 21:12:02');

INSERT INTO auction_history(auction_id, user_id, art_id, bid_price, bid_date)
VALUES (3, 11, 4, 100000, '2022-07-14 19:47:14');

INSERT INTO auction_history(auction_id, user_id, art_id, bid_price, bid_date)
VALUES (4, 9, 5, 30000, '2022-07-14 21:02:14');
INSERT INTO auction_history(auction_id, user_id, art_id, bid_price, bid_date)
VALUES (4, 24, 5, 31000, '2022-07-14 21:12:21');
INSERT INTO auction_history(auction_id, user_id, art_id, bid_price, bid_date)
VALUES (4, 43, 5, 33000, '2022-07-14 21:24:59');
INSERT INTO auction_history(auction_id, user_id, art_id, bid_price, bid_date)
VALUES (4, 9, 5, 34000, '2022-07-14 21:25:30');
INSERT INTO auction_history(auction_id, user_id, art_id, bid_price, bid_date)
VALUES (4, 42, 5, 35000, '2022-07-14 21:35:43');
INSERT INTO auction_history(auction_id, user_id, art_id, bid_price, bid_date)
VALUES (4, 24, 5, 36000, '2022-07-14 23:24:14');
INSERT INTO auction_history(auction_id, user_id, art_id, bid_price, bid_date)
VALUES (4, 9, 5, 42000, '2022-07-14 23:58:59');
INSERT INTO auction_history(auction_id, user_id, art_id, bid_price, bid_date)
VALUES (4, 24, 5, 45000, '2022-07-15 00:47:09');
INSERT INTO auction_history(auction_id, user_id, art_id, bid_price, bid_date)
VALUES (4, 43, 5, 50000, '2022-07-15 02:12:14');
INSERT INTO auction_history(auction_id, user_id, art_id, bid_price, bid_date)
VALUES (4, 9, 5, 51000, '2022-07-15 06:47:24');
INSERT INTO auction_history(auction_id, user_id, art_id, bid_price, bid_date)
VALUES (4, 43, 5, 53000, '2022-07-15 11:12:34');
INSERT INTO auction_history(auction_id, user_id, art_id, bid_price, bid_date)
VALUES (4, 42, 5, 58000, '2022-07-15 15:39:01');
INSERT INTO auction_history(auction_id, user_id, art_id, bid_price, bid_date)
VALUES (4, 24, 5, 75000, '2022-07-15 20:56:48');

INSERT INTO auction_history(auction_id, user_id, art_id, bid_price, bid_date)
VALUES (5, 49, 6, 25000, '2022-07-16 07:12:40');

INSERT INTO auction_history(auction_id, user_id, art_id, bid_price, bid_date)
VALUES (6, 48, 7, 24000, '2022-07-15 15:00:00');
INSERT INTO auction_history(auction_id, user_id, art_id, bid_price, bid_date)
VALUES (6, 13, 7, 25000, '2022-07-15 16:12:58');
INSERT INTO auction_history(auction_id, user_id, art_id, bid_price, bid_date)
VALUES (6, 48, 7, 30000, '2022-07-15 18:54:12');
INSERT INTO auction_history(auction_id, user_id, art_id, bid_price, bid_date)
VALUES (6, 13, 7, 31000, '2022-07-15 20:04:42');
INSERT INTO auction_history(auction_id, user_id, art_id, bid_price, bid_date)
VALUES (6, 48, 7, 35000, '2022-07-16 08:23:59');
INSERT INTO auction_history(auction_id, user_id, art_id, bid_price, bid_date)
VALUES (6, 13, 7, 36000, '2022-07-16 08:53:12');

INSERT INTO auction_history(auction_id, user_id, art_id, bid_price, bid_date)
VALUES (7, 12, 11, 200000, '2022-07-15 09:00:45');
INSERT INTO auction_history(auction_id, user_id, art_id, bid_price, bid_date)
VALUES (7, 27, 11, 220000, '2022-07-15 09:01:53');
INSERT INTO auction_history(auction_id, user_id, art_id, bid_price, bid_date)
VALUES (7, 12, 11, 230000, '2022-07-15 09:03:10');
INSERT INTO auction_history(auction_id, user_id, art_id, bid_price, bid_date)
VALUES (7, 27, 11, 250000, '2022-07-15 09:12:20');
INSERT INTO auction_history(auction_id, user_id, art_id, bid_price, bid_date)
VALUES (7, 12, 11, 270000, '2022-07-15 09:50:31');
INSERT INTO auction_history(auction_id, user_id, art_id, bid_price, bid_date)
VALUES (7, 27, 11, 290000, '2022-07-15 11:01:02');
INSERT INTO auction_history(auction_id, user_id, art_id, bid_price, bid_date)
VALUES (7, 12, 11, 300000, '2022-07-15 11:10:30');
INSERT INTO auction_history(auction_id, user_id, art_id, bid_price, bid_date)
VALUES (7, 27, 11, 310000, '2022-07-15 12:07:48');
INSERT INTO auction_history(auction_id, user_id, art_id, bid_price, bid_date)
VALUES (7, 12, 11, 350000, '2022-07-15 13:00:01');
INSERT INTO auction_history(auction_id, user_id, art_id, bid_price, bid_date)
VALUES (7, 27, 11, 380000, '2022-07-16 06:24:30');
INSERT INTO auction_history(auction_id, user_id, art_id, bid_price, bid_date)
VALUES (7, 12, 11, 400000, '2022-07-16 07:33:56');
INSERT INTO auction_history(auction_id, user_id, art_id, bid_price, bid_date)
VALUES (7, 27, 11, 550000, '2022-07-16 07:49:12');
INSERT INTO auction_history(auction_id, user_id, art_id, bid_price, bid_date)
VALUES (7, 12, 11, 600000, '2022-07-16 08:54:39');
INSERT INTO auction_history(auction_id, user_id, art_id, bid_price, bid_date)
VALUES (7, 27, 11, 750000, '2022-07-16 08:59:10');

INSERT INTO auction_history(auction_id, user_id, art_id, bid_price, bid_date)
VALUES (8, 39, 13, 5000, '2022-07-15 17:12:30');

INSERT INTO auction_history(auction_id, user_id, art_id, bid_price, bid_date)
VALUES (9, 37, 15, 33000, '2022-07-15 11:43:12');
INSERT INTO auction_history(auction_id, user_id, art_id, bid_price, bid_date)
VALUES (9, 47, 15, 40000, '2022-07-15 13:13:35');
INSERT INTO auction_history(auction_id, user_id, art_id, bid_price, bid_date)
VALUES (9, 37, 15, 78000, '2022-07-16 10:54:02');

INSERT INTO auction_history(auction_id, user_id, art_id, bid_price, bid_date)
VALUES (10, 21, 17, 68000, '2022-07-15 12:04:58');

INSERT INTO auction_history(auction_id, user_id, art_id, bid_price, bid_date)
VALUES (11, 30, 19, 300000, '2022-07-15 12:46:01');
INSERT INTO auction_history(auction_id, user_id, art_id, bid_price, bid_date)
VALUES (11, 18, 19, 450000, '2022-07-15 15:16:16');
INSERT INTO auction_history(auction_id, user_id, art_id, bid_price, bid_date)
VALUES (11, 30, 19, 680000, '2022-07-15 18:24:54');
INSERT INTO auction_history(auction_id, user_id, art_id, bid_price, bid_date)
VALUES (11, 18, 19, 1320000, '2022-07-15 22:53:10');

INSERT INTO auction_history(auction_id, user_id, art_id, bid_price, bid_date)
VALUES (12, 40, 21, 49000, '2022-07-15 13:02:10');
INSERT INTO auction_history(auction_id, user_id, art_id, bid_price, bid_date)
VALUES (12, 45, 21, 50000, '2022-07-15 13:12:12');
INSERT INTO auction_history(auction_id, user_id, art_id, bid_price, bid_date)
VALUES (12, 44, 21, 52000, '2022-07-15 13:18:39');
INSERT INTO auction_history(auction_id, user_id, art_id, bid_price, bid_date)
VALUES (12, 45, 21, 54000, '2022-07-15 13:25:10');
INSERT INTO auction_history(auction_id, user_id, art_id, bid_price, bid_date)
VALUES (12, 40, 21, 62000, '2022-07-15 13:28:20');
INSERT INTO auction_history(auction_id, user_id, art_id, bid_price, bid_date)
VALUES (12, 44, 21, 63000, '2022-07-15 13:42:50');
INSERT INTO auction_history(auction_id, user_id, art_id, bid_price, bid_date)
VALUES (12, 40, 21, 75000, '2022-07-15 18:00:24');
INSERT INTO auction_history(auction_id, user_id, art_id, bid_price, bid_date)
VALUES (12, 45, 21, 76000, '2022-07-15 19:14:12');
INSERT INTO auction_history(auction_id, user_id, art_id, bid_price, bid_date)
VALUES (12, 44, 21, 80000, '2022-07-15 19:47:57');
INSERT INTO auction_history(auction_id, user_id, art_id, bid_price, bid_date)
VALUES (12, 45, 21, 92000, '2022-07-16 08:00:00');
INSERT INTO auction_history(auction_id, user_id, art_id, bid_price, bid_date)
VALUES (12, 40, 21, 99000, '2022-07-16 11:43:45');
INSERT INTO auction_history(auction_id, user_id, art_id, bid_price, bid_date)
VALUES (12, 44, 21, 130000, '2022-07-16 12:12:51');

INSERT INTO auction_history(auction_id, user_id, art_id, bid_price, bid_date)
VALUES (13, 14, 22, 20000, '2022-07-16 11:12:40');

INSERT INTO auction_history(auction_id, user_id, art_id, bid_price, bid_date)
VALUES (14, 16, 23, 30000, '2022-07-15 14:20:14');
INSERT INTO auction_history(auction_id, user_id, art_id, bid_price, bid_date)
VALUES (14, 25, 23, 32000, '2022-07-15 14:21:59');
INSERT INTO auction_history(auction_id, user_id, art_id, bid_price, bid_date)
VALUES (14, 16, 23, 33000, '2022-07-15 14:26:10');
INSERT INTO auction_history(auction_id, user_id, art_id, bid_price, bid_date)
VALUES (14, 10, 23, 35000, '2022-07-15 14:29:01');
INSERT INTO auction_history(auction_id, user_id, art_id, bid_price, bid_date)
VALUES (14, 25, 23, 40000, '2022-07-15 14:35:10');
INSERT INTO auction_history(auction_id, user_id, art_id, bid_price, bid_date)
VALUES (14, 16, 23, 41000, '2022-07-15 15:20:23');
INSERT INTO auction_history(auction_id, user_id, art_id, bid_price, bid_date)
VALUES (14, 22, 23, 45000, '2022-07-15 15:30:52');
INSERT INTO auction_history(auction_id, user_id, art_id, bid_price, bid_date)
VALUES (14, 16, 23, 48000, '2022-07-15 16:10:02');
INSERT INTO auction_history(auction_id, user_id, art_id, bid_price, bid_date)
VALUES (14, 22, 23, 49000, '2022-07-15 16:13:14');
INSERT INTO auction_history(auction_id, user_id, art_id, bid_price, bid_date)
VALUES (14, 25, 23, 52000, '2022-07-15 18:14:26');
INSERT INTO auction_history(auction_id, user_id, art_id, bid_price, bid_date)
VALUES (14, 10, 23, 53000, '2022-07-15 18:53:42');
INSERT INTO auction_history(auction_id, user_id, art_id, bid_price, bid_date)
VALUES (14, 45, 23, 55000, '2022-07-15 23:53:07');
INSERT INTO auction_history(auction_id, user_id, art_id, bid_price, bid_date)
VALUES (14, 16, 23, 62000, '2022-07-16 11:53:10');
INSERT INTO auction_history(auction_id, user_id, art_id, bid_price, bid_date)
VALUES (14, 45, 23, 63000, '2022-07-16 12:04:49');
INSERT INTO auction_history(auction_id, user_id, art_id, bid_price, bid_date)
VALUES (14, 10, 23, 72000, '2022-07-16 12:53:24');
INSERT INTO auction_history(auction_id, user_id, art_id, bid_price, bid_date)
VALUES (14, 22, 23, 95000, '2022-07-16 13:34:50');

INSERT INTO auction_history(auction_id, user_id, art_id, bid_price, bid_date)
VALUES (15, 38, 24, 53000, '2022-07-15 19:10:23');
INSERT INTO auction_history(auction_id, user_id, art_id, bid_price, bid_date)
VALUES (15, 31, 24, 55000, '2022-07-15 20:53:14');
INSERT INTO auction_history(auction_id, user_id, art_id, bid_price, bid_date)
VALUES (15, 38, 24, 62000, '2022-07-15 21:00:42');
INSERT INTO auction_history(auction_id, user_id, art_id, bid_price, bid_date)
VALUES (15, 31, 24, 78000, '2022-07-15 21:32:48');
INSERT INTO auction_history(auction_id, user_id, art_id, bid_price, bid_date)
VALUES (15, 38, 24, 96000, '2022-07-15 23:02:10');
INSERT INTO auction_history(auction_id, user_id, art_id, bid_price, bid_date)
VALUES (15, 31, 24, 120000, '2022-07-16 07:56:12');
INSERT INTO auction_history(auction_id, user_id, art_id, bid_price, bid_date)
VALUES (15, 35, 24, 230000, '2022-07-16 12:32:50');

INSERT INTO auction_history(auction_id, user_id, art_id, bid_price, bid_date)
VALUES (16, 28, 25, 45000, '2022-07-15 19:25:41');

INSERT INTO auction_history(auction_id, user_id, art_id, bid_price, bid_date)
VALUES (17, 36, 27, 20000, '2022-07-15 18:46:12');
INSERT INTO auction_history(auction_id, user_id, art_id, bid_price, bid_date)
VALUES (17, 33, 27, 32000, '2022-07-15 19:11:53');
INSERT INTO auction_history(auction_id, user_id, art_id, bid_price, bid_date)
VALUES (17, 36, 27, 35000, '2022-07-15 19:43:58');
INSERT INTO auction_history(auction_id, user_id, art_id, bid_price, bid_date)
VALUES (17, 33, 27, 48000, '2022-07-15 21:02:10');

INSERT INTO auction_history(auction_id, user_id, art_id, bid_price, bid_date)
VALUES (18, 34, 28, 10000, '2022-07-15 21:12:30');

INSERT INTO auction_history(auction_id, user_id, art_id, bid_price, bid_date)
VALUES (19, 26, 29, 15000, '2022-07-15 23:12:30');
INSERT INTO auction_history(auction_id, user_id, art_id, bid_price, bid_date)
VALUES (19, 29, 29, 23000, '2022-07-16 04:32:11');
INSERT INTO auction_history(auction_id, user_id, art_id, bid_price, bid_date)
VALUES (19, 26, 29, 34000, '2022-07-16 19:14:58');

INSERT INTO auction_history(auction_id, user_id, art_id, bid_price, bid_date)
VALUES (20, 49, 31, 12000, '2022-07-30 10:13:27');
INSERT INTO auction_history(auction_id, user_id, art_id, bid_price, bid_date)
VALUES (20, 16, 31, 17000, '2022-07-30 11:32:24');
INSERT INTO auction_history(auction_id, user_id, art_id, bid_price, bid_date)
VALUES (20, 42, 31, 22000, '2022-07-30 11:42:04');
INSERT INTO auction_history(auction_id, user_id, art_id, bid_price, bid_date)
VALUES (20, 47, 31, 27000, '2022-07-30 13:03:28');
INSERT INTO auction_history(auction_id, user_id, art_id, bid_price, bid_date)
VALUES (20, 9, 31, 32000, '2022-07-30 14:02:24');
INSERT INTO auction_history(auction_id, user_id, art_id, bid_price, bid_date)
VALUES (20, 49, 31, 37000, '2022-07-30 17:08:16');

INSERT INTO auction_history(auction_id, user_id, art_id, bid_price, bid_date)
VALUES (21, 11, 33, 35000, '2022-07-30 10:02:44');
INSERT INTO auction_history(auction_id, user_id, art_id, bid_price, bid_date)
VALUES (21, 10, 33, 40000, '2022-07-30 14:40:23');
INSERT INTO auction_history(auction_id, user_id, art_id, bid_price, bid_date)
VALUES (21, 33, 33, 45000, '2022-07-30 16:55:39');
INSERT INTO auction_history(auction_id, user_id, art_id, bid_price, bid_date)
VALUES (21, 13, 33, 50000, '2022-07-30 20:16:43');
INSERT INTO auction_history(auction_id, user_id, art_id, bid_price, bid_date)
VALUES (21, 11, 33, 55000, '2022-07-30 23:13:40');
INSERT INTO auction_history(auction_id, user_id, art_id, bid_price, bid_date)
VALUES (21, 10, 33, 60000, '2022-07-30 23:25:52');

INSERT INTO auction_history(auction_id, user_id, art_id, bid_price, bid_date)
VALUES (22, 16, 34, 42000, '2022-07-30 10:34:40');
INSERT INTO auction_history(auction_id, user_id, art_id, bid_price, bid_date)
VALUES (22, 42, 34, 47000, '2022-07-30 12:08:21');
INSERT INTO auction_history(auction_id, user_id, art_id, bid_price, bid_date)
VALUES (22, 10, 34, 52000, '2022-07-30 12:13:36');
INSERT INTO auction_history(auction_id, user_id, art_id, bid_price, bid_date)
VALUES (22, 35, 34, 57000, '2022-07-30 14:01:56');
INSERT INTO auction_history(auction_id, user_id, art_id, bid_price, bid_date)
VALUES (22, 16, 34, 62000, '2022-07-30 17:19:38');

INSERT INTO auction_history(auction_id, user_id, art_id, bid_price, bid_date)
VALUES (23, 40, 37, 72000, '2022-07-30 10:16:53');
INSERT INTO auction_history(auction_id, user_id, art_id, bid_price, bid_date)
VALUES (23, 26, 37, 77000, '2022-07-30 10:47:51');
INSERT INTO auction_history(auction_id, user_id, art_id, bid_price, bid_date)
VALUES (23, 48, 37, 82000, '2022-07-30 12:32:39');
INSERT INTO auction_history(auction_id, user_id, art_id, bid_price, bid_date)
VALUES (23, 6, 37, 87000, '2022-07-30 14:25:38');
INSERT INTO auction_history(auction_id, user_id, art_id, bid_price, bid_date)
VALUES (23, 18, 37, 92000, '2022-07-30 14:28:12');
INSERT INTO auction_history(auction_id, user_id, art_id, bid_price, bid_date)
VALUES (23, 40, 37, 97000, '2022-07-30 15:54:56');
INSERT INTO auction_history(auction_id, user_id, art_id, bid_price, bid_date)
VALUES (23, 26, 37, 102000, '2022-07-30 17:00:01');
INSERT INTO auction_history(auction_id, user_id, art_id, bid_price, bid_date)
VALUES (23, 48, 37, 107000, '2022-07-30 18:41:46');
INSERT INTO auction_history(auction_id, user_id, art_id, bid_price, bid_date)
VALUES (23, 6, 37, 112000, '2022-07-30 20:13:10');

INSERT INTO auction_history(auction_id, user_id, art_id, bid_price, bid_date)
VALUES (24, 26, 38, 85000, '2022-07-30 11:38:02');
INSERT INTO auction_history(auction_id, user_id, art_id, bid_price, bid_date)
VALUES (24, 24, 38, 90000, '2022-07-30 12:04:26');
INSERT INTO auction_history(auction_id, user_id, art_id, bid_price, bid_date)
VALUES (24, 39, 38, 95000, '2022-07-30 13:48:24');
INSERT INTO auction_history(auction_id, user_id, art_id, bid_price, bid_date)
VALUES (24, 2, 38, 100000, '2022-07-30 17:27:46');
INSERT INTO auction_history(auction_id, user_id, art_id, bid_price, bid_date)
VALUES (24, 26, 38, 105000, '2022-07-30 17:54:55');
INSERT INTO auction_history(auction_id, user_id, art_id, bid_price, bid_date)
VALUES (24, 24, 38, 110000, '2022-07-30 20:53:00');
INSERT INTO auction_history(auction_id, user_id, art_id, bid_price, bid_date)
VALUES (24, 39, 38, 115000, '2022-07-30 23:40:22');

INSERT INTO auction_history(auction_id, user_id, art_id, bid_price, bid_date)
VALUES (25, 14, 40, 120000, '2022-07-30 16:16:51');
INSERT INTO auction_history(auction_id, user_id, art_id, bid_price, bid_date)
VALUES (25, 49, 40, 125000, '2022-07-30 17:51:42');
INSERT INTO auction_history(auction_id, user_id, art_id, bid_price, bid_date)
VALUES (25, 25, 40, 130000, '2022-07-30 18:15:19');
INSERT INTO auction_history(auction_id, user_id, art_id, bid_price, bid_date)
VALUES (25, 31, 40, 135000, '2022-07-30 19:29:39');
INSERT INTO auction_history(auction_id, user_id, art_id, bid_price, bid_date)
VALUES (25, 14, 40, 140000, '2022-07-30 23:38:54');

INSERT INTO auction_history(auction_id, user_id, art_id, bid_price, bid_date)
VALUES (26, 25, 41, 25000, '2022-07-30 12:02:13');
INSERT INTO auction_history(auction_id, user_id, art_id, bid_price, bid_date)
VALUES (26, 10, 41, 30000, '2022-07-30 13:16:35');
INSERT INTO auction_history(auction_id, user_id, art_id, bid_price, bid_date)
VALUES (26, 26, 41, 35000, '2022-07-30 13:32:25');
INSERT INTO auction_history(auction_id, user_id, art_id, bid_price, bid_date)
VALUES (26, 14, 41, 40000, '2022-07-30 14:54:27');
INSERT INTO auction_history(auction_id, user_id, art_id, bid_price, bid_date)
VALUES (26, 49, 41, 45000, '2022-07-30 20:42:57');
INSERT INTO auction_history(auction_id, user_id, art_id, bid_price, bid_date)
VALUES (26, 25, 41, 50000, '2022-07-30 20:46:30');
INSERT INTO auction_history(auction_id, user_id, art_id, bid_price, bid_date)
VALUES (26, 10, 41, 55000, '2022-07-30 23:34:37');

INSERT INTO auction_history(auction_id, user_id, art_id, bid_price, bid_date)
VALUES (27, 25, 42, 17000, '2022-07-30 12:37:51');
INSERT INTO auction_history(auction_id, user_id, art_id, bid_price, bid_date)
VALUES (27, 13, 42, 22000, '2022-07-30 15:02:10');
INSERT INTO auction_history(auction_id, user_id, art_id, bid_price, bid_date)
VALUES (27, 11, 42, 27000, '2022-07-30 15:29:08');
INSERT INTO auction_history(auction_id, user_id, art_id, bid_price, bid_date)
VALUES (27, 43, 42, 32000, '2022-07-30 17:39:06');
INSERT INTO auction_history(auction_id, user_id, art_id, bid_price, bid_date)
VALUES (27, 25, 42, 37000, '2022-07-30 18:23:29');
INSERT INTO auction_history(auction_id, user_id, art_id, bid_price, bid_date)
VALUES (27, 13, 42, 42000, '2022-07-30 18:29:21');
INSERT INTO auction_history(auction_id, user_id, art_id, bid_price, bid_date)
VALUES (27, 11, 42, 47000, '2022-07-30 18:49:12');
INSERT INTO auction_history(auction_id, user_id, art_id, bid_price, bid_date)
VALUES (27, 43, 42, 52000, '2022-07-30 22:11:29');
INSERT INTO auction_history(auction_id, user_id, art_id, bid_price, bid_date)
VALUES (27, 25, 42, 57000, '2022-07-30 22:58:49');

INSERT INTO auction_history(auction_id, user_id, art_id, bid_price, bid_date)
VALUES (28, 34, 44, 42000, '2022-07-30 10:08:22');
INSERT INTO auction_history(auction_id, user_id, art_id, bid_price, bid_date)
VALUES (28, 22, 44, 47000, '2022-07-30 12:20:25');
INSERT INTO auction_history(auction_id, user_id, art_id, bid_price, bid_date)
VALUES (28, 18, 44, 52000, '2022-07-30 15:30:57');
INSERT INTO auction_history(auction_id, user_id, art_id, bid_price, bid_date)
VALUES (28, 13, 44, 57000, '2022-07-30 15:43:06');
INSERT INTO auction_history(auction_id, user_id, art_id, bid_price, bid_date)
VALUES (28, 12, 44, 62000, '2022-07-30 17:15:52');
INSERT INTO auction_history(auction_id, user_id, art_id, bid_price, bid_date)
VALUES (28, 34, 44, 67000, '2022-07-30 17:46:22');
INSERT INTO auction_history(auction_id, user_id, art_id, bid_price, bid_date)
VALUES (28, 22, 44, 72000, '2022-07-30 18:51:08');
INSERT INTO auction_history(auction_id, user_id, art_id, bid_price, bid_date)
VALUES (28, 18, 44, 77000, '2022-07-30 22:39:46');

INSERT INTO auction_history(auction_id, user_id, art_id, bid_price, bid_date)
VALUES (29, 42, 45, 87000, '2022-07-30 10:45:27');
INSERT INTO auction_history(auction_id, user_id, art_id, bid_price, bid_date)
VALUES (29, 22, 45, 92000, '2022-07-30 11:40:38');
INSERT INTO auction_history(auction_id, user_id, art_id, bid_price, bid_date)
VALUES (29, 17, 45, 97000, '2022-07-30 13:11:01');
INSERT INTO auction_history(auction_id, user_id, art_id, bid_price, bid_date)
VALUES (29, 48, 45, 102000, '2022-07-30 16:42:30');
INSERT INTO auction_history(auction_id, user_id, art_id, bid_price, bid_date)
VALUES (29, 18, 45, 107000, '2022-07-30 17:45:52');
INSERT INTO auction_history(auction_id, user_id, art_id, bid_price, bid_date)
VALUES (29, 42, 45, 112000, '2022-07-30 18:53:20');

INSERT INTO auction_history(auction_id, user_id, art_id, bid_price, bid_date)
VALUES (30, 25, 46, 90000, '2022-07-30 10:37:12');
INSERT INTO auction_history(auction_id, user_id, art_id, bid_price, bid_date)
VALUES (30, 17, 46, 95000, '2022-07-30 12:09:12');
INSERT INTO auction_history(auction_id, user_id, art_id, bid_price, bid_date)
VALUES (30, 42, 46, 100000, '2022-07-30 16:57:27');
INSERT INTO auction_history(auction_id, user_id, art_id, bid_price, bid_date)
VALUES (30, 25, 46, 105000, '2022-07-30 17:07:36');
INSERT INTO auction_history(auction_id, user_id, art_id, bid_price, bid_date)
VALUES (30, 17, 46, 110000, '2022-07-30 20:25:03');
INSERT INTO auction_history(auction_id, user_id, art_id, bid_price, bid_date)
VALUES (30, 42, 46, 115000, '2022-07-30 20:31:22');
INSERT INTO auction_history(auction_id, user_id, art_id, bid_price, bid_date)
VALUES (30, 25, 46, 120000, '2022-07-30 21:15:10');

INSERT INTO auction_history(auction_id, user_id, art_id, bid_price, bid_date)
VALUES (31, 22, 48, 52000, '2022-07-30 13:24:39');
INSERT INTO auction_history(auction_id, user_id, art_id, bid_price, bid_date)
VALUES (31, 16, 48, 57000, '2022-07-30 14:55:31');
INSERT INTO auction_history(auction_id, user_id, art_id, bid_price, bid_date)
VALUES (31, 2, 48, 62000, '2022-07-30 15:43:21');
INSERT INTO auction_history(auction_id, user_id, art_id, bid_price, bid_date)
VALUES (31, 22, 48, 67000, '2022-07-30 17:50:16');
INSERT INTO auction_history(auction_id, user_id, art_id, bid_price, bid_date)
VALUES (31, 16, 48, 72000, '2022-07-30 19:07:34');
INSERT INTO auction_history(auction_id, user_id, art_id, bid_price, bid_date)
VALUES (31, 2, 48, 77000, '2022-07-30 19:14:56');
INSERT INTO auction_history(auction_id, user_id, art_id, bid_price, bid_date)
VALUES (31, 22, 48, 82000, '2022-07-30 19:58:43');

INSERT INTO auction_history(auction_id, user_id, art_id, bid_price, bid_date)
VALUES (32, 2, 49, 51000, '2022-07-30 12:18:05');
INSERT INTO auction_history(auction_id, user_id, art_id, bid_price, bid_date)
VALUES (32, 21, 49, 56000, '2022-07-30 14:26:50');
INSERT INTO auction_history(auction_id, user_id, art_id, bid_price, bid_date)
VALUES (32, 11, 49, 61000, '2022-07-30 15:57:36');
INSERT INTO auction_history(auction_id, user_id, art_id, bid_price, bid_date)
VALUES (32, 14, 49, 66000, '2022-07-30 18:22:10');
INSERT INTO auction_history(auction_id, user_id, art_id, bid_price, bid_date)
VALUES (32, 2, 49, 71000, '2022-07-30 22:01:47');

INSERT INTO auction_history(auction_id, user_id, art_id, bid_price, bid_date)
VALUES (33, 11, 50, 50000, '2022-07-30 10:51:54');
INSERT INTO auction_history(auction_id, user_id, art_id, bid_price, bid_date)
VALUES (33, 39, 50, 55000, '2022-07-30 12:31:35');
INSERT INTO auction_history(auction_id, user_id, art_id, bid_price, bid_date)
VALUES (33, 4, 50, 60000, '2022-07-30 12:40:20');
INSERT INTO auction_history(auction_id, user_id, art_id, bid_price, bid_date)
VALUES (33, 35, 50, 65000, '2022-07-30 13:59:28');
INSERT INTO auction_history(auction_id, user_id, art_id, bid_price, bid_date)
VALUES (33, 11, 50, 70000, '2022-07-30 15:27:25');
INSERT INTO auction_history(auction_id, user_id, art_id, bid_price, bid_date)
VALUES (33, 39, 50, 75000, '2022-07-30 17:28:59');
INSERT INTO auction_history(auction_id, user_id, art_id, bid_price, bid_date)
VALUES (33, 4, 50, 80000, '2022-07-30 19:46:25');

INSERT INTO auction_history(auction_id, user_id, art_id, bid_price, bid_date)
VALUES (34, 33, 52, 53000, '2022-07-30 11:34:12');
INSERT INTO auction_history(auction_id, user_id, art_id, bid_price, bid_date)
VALUES (34, 28, 52, 58000, '2022-07-30 13:47:21');
INSERT INTO auction_history(auction_id, user_id, art_id, bid_price, bid_date)
VALUES (34, 14, 52, 63000, '2022-07-30 17:19:38');
INSERT INTO auction_history(auction_id, user_id, art_id, bid_price, bid_date)
VALUES (34, 33, 52, 68000, '2022-07-30 21:42:16');
INSERT INTO auction_history(auction_id, user_id, art_id, bid_price, bid_date)
VALUES (34, 28, 52, 73000, '2022-07-30 21:54:58');
INSERT INTO auction_history(auction_id, user_id, art_id, bid_price, bid_date)
VALUES (34, 14, 52, 78000, '2022-07-30 23:36:54');

INSERT INTO auction_history(auction_id, user_id, art_id, bid_price, bid_date)
VALUES (35, 39, 53, 54000, '2022-07-30 11:34:16');
INSERT INTO auction_history(auction_id, user_id, art_id, bid_price, bid_date)
VALUES (35, 38, 53, 59000, '2022-07-30 14:16:58');
INSERT INTO auction_history(auction_id, user_id, art_id, bid_price, bid_date)
VALUES (35, 42, 53, 64000, '2022-07-30 16:48:29');
INSERT INTO auction_history(auction_id, user_id, art_id, bid_price, bid_date)
VALUES (35, 35, 53, 69000, '2022-07-30 17:30:44');
INSERT INTO auction_history(auction_id, user_id, art_id, bid_price, bid_date)
VALUES (35, 40, 53, 74000, '2022-07-30 22:30:45');
INSERT INTO auction_history(auction_id, user_id, art_id, bid_price, bid_date)
VALUES (35, 39, 53, 79000, '2022-07-30 23:39:41');

INSERT INTO auction_history(auction_id, user_id, art_id, bid_price, bid_date)
VALUES (36, 12, 54, 55000, '2022-07-30 12:10:21');
INSERT INTO auction_history(auction_id, user_id, art_id, bid_price, bid_date)
VALUES (36, 27, 54, 60000, '2022-07-30 12:16:32');
INSERT INTO auction_history(auction_id, user_id, art_id, bid_price, bid_date)
VALUES (36, 49, 54, 65000, '2022-07-30 12:57:48');
INSERT INTO auction_history(auction_id, user_id, art_id, bid_price, bid_date)
VALUES (36, 24, 54, 70000, '2022-07-30 15:57:39');
INSERT INTO auction_history(auction_id, user_id, art_id, bid_price, bid_date)
VALUES (36, 21, 54, 75000, '2022-07-30 16:46:04');
INSERT INTO auction_history(auction_id, user_id, art_id, bid_price, bid_date)
VALUES (36, 12, 54, 80000, '2022-07-30 18:57:07');
INSERT INTO auction_history(auction_id, user_id, art_id, bid_price, bid_date)
VALUES (36, 27, 54, 85000, '2022-07-30 19:25:28');

INSERT INTO auction_history(auction_id, user_id, art_id, bid_price, bid_date)
VALUES (37, 23, 55, 58000, '2022-07-30 12:52:09');
INSERT INTO auction_history(auction_id, user_id, art_id, bid_price, bid_date)
VALUES (37, 36, 55, 63000, '2022-07-30 12:52:47');
INSERT INTO auction_history(auction_id, user_id, art_id, bid_price, bid_date)
VALUES (37, 9, 55, 68000, '2022-07-30 15:57:09');
INSERT INTO auction_history(auction_id, user_id, art_id, bid_price, bid_date)
VALUES (37, 22, 55, 73000, '2022-07-30 16:19:37');
INSERT INTO auction_history(auction_id, user_id, art_id, bid_price, bid_date)
VALUES (37, 13, 55, 78000, '2022-07-30 16:35:50');
INSERT INTO auction_history(auction_id, user_id, art_id, bid_price, bid_date)
VALUES (37, 23, 55, 83000, '2022-07-30 17:24:23');
INSERT INTO auction_history(auction_id, user_id, art_id, bid_price, bid_date)
VALUES (37, 36, 55, 88000, '2022-07-30 23:34:42');

INSERT INTO auction_history(auction_id, user_id, art_id, bid_price, bid_date)
VALUES (38, 21, 56, 42000, '2022-07-30 11:28:53');
INSERT INTO auction_history(auction_id, user_id, art_id, bid_price, bid_date)
VALUES (38, 2, 56, 47000, '2022-07-30 13:13:34');
INSERT INTO auction_history(auction_id, user_id, art_id, bid_price, bid_date)
VALUES (38, 36, 56, 52000, '2022-07-30 14:29:32');
INSERT INTO auction_history(auction_id, user_id, art_id, bid_price, bid_date)
VALUES (38, 21, 56, 57000, '2022-07-30 16:50:54');
INSERT INTO auction_history(auction_id, user_id, art_id, bid_price, bid_date)
VALUES (38, 2, 56, 62000, '2022-07-30 18:40:03');
INSERT INTO auction_history(auction_id, user_id, art_id, bid_price, bid_date)
VALUES (38, 36, 56, 67000, '2022-07-30 20:15:56');
INSERT INTO auction_history(auction_id, user_id, art_id, bid_price, bid_date)
VALUES (38, 21, 56, 72000, '2022-07-30 21:28:56');
INSERT INTO auction_history(auction_id, user_id, art_id, bid_price, bid_date)
VALUES (38, 2, 56, 77000, '2022-07-30 23:17:40');
INSERT INTO auction_history(auction_id, user_id, art_id, bid_price, bid_date)
VALUES (38, 36, 56, 82000, '2022-07-30 23:37:31');

INSERT INTO auction_history(auction_id, user_id, art_id, bid_price, bid_date)
VALUES (39, 45, 57, 32000, '2022-07-30 11:15:26');
INSERT INTO auction_history(auction_id, user_id, art_id, bid_price, bid_date)
VALUES (39, 30, 57, 37000, '2022-07-30 14:23:11');
INSERT INTO auction_history(auction_id, user_id, art_id, bid_price, bid_date)
VALUES (39, 17, 57, 42000, '2022-07-30 17:51:23');
INSERT INTO auction_history(auction_id, user_id, art_id, bid_price, bid_date)
VALUES (39, 45, 57, 47000, '2022-07-30 19:28:21');
INSERT INTO auction_history(auction_id, user_id, art_id, bid_price, bid_date)
VALUES (39, 30, 57, 52000, '2022-07-30 23:15:08');

INSERT INTO auction_history(auction_id, user_id, art_id, bid_price, bid_date)
VALUES (40, 21, 58, 39000, '2022-07-30 12:54:14');
INSERT INTO auction_history(auction_id, user_id, art_id, bid_price, bid_date)
VALUES (40, 47, 58, 44000, '2022-07-30 13:06:22');
INSERT INTO auction_history(auction_id, user_id, art_id, bid_price, bid_date)
VALUES (40, 42, 58, 49000, '2022-07-30 14:39:06');
INSERT INTO auction_history(auction_id, user_id, art_id, bid_price, bid_date)
VALUES (40, 33, 58, 54000, '2022-07-30 16:39:32');
INSERT INTO auction_history(auction_id, user_id, art_id, bid_price, bid_date)
VALUES (40, 48, 58, 59000, '2022-07-30 17:12:36');
INSERT INTO auction_history(auction_id, user_id, art_id, bid_price, bid_date)
VALUES (40, 21, 58, 64000, '2022-07-30 17:52:33');
INSERT INTO auction_history(auction_id, user_id, art_id, bid_price, bid_date)
VALUES (40, 47, 58, 69000, '2022-07-30 18:56:42');
INSERT INTO auction_history(auction_id, user_id, art_id, bid_price, bid_date)
VALUES (40, 42, 58, 74000, '2022-07-30 21:09:29');
INSERT INTO auction_history(auction_id, user_id, art_id, bid_price, bid_date)
VALUES (40, 33, 58, 79000, '2022-07-30 22:47:53');

INSERT INTO auction_history(auction_id, user_id, art_id, bid_price, bid_date)
VALUES (41, 47, 60, 30000, '2022-07-30 11:32:23');
INSERT INTO auction_history(auction_id, user_id, art_id, bid_price, bid_date)
VALUES (41, 17, 60, 35000, '2022-07-30 12:49:27');
INSERT INTO auction_history(auction_id, user_id, art_id, bid_price, bid_date)
VALUES (41, 14, 60, 40000, '2022-07-30 16:22:38');
INSERT INTO auction_history(auction_id, user_id, art_id, bid_price, bid_date)
VALUES (41, 29, 60, 45000, '2022-07-30 16:32:58');
INSERT INTO auction_history(auction_id, user_id, art_id, bid_price, bid_date)
VALUES (41, 47, 60, 50000, '2022-07-30 17:51:40');

INSERT INTO auction_history(auction_id, user_id, art_id, bid_price, bid_date)
VALUES (42, 21, 61, 15000, '2022-07-30 10:01:09');
INSERT INTO auction_history(auction_id, user_id, art_id, bid_price, bid_date)
VALUES (42, 36, 61, 20000, '2022-07-30 12:53:08');
INSERT INTO auction_history(auction_id, user_id, art_id, bid_price, bid_date)
VALUES (42, 9, 61, 25000, '2022-07-30 14:43:18');
INSERT INTO auction_history(auction_id, user_id, art_id, bid_price, bid_date)
VALUES (42, 25, 61, 30000, '2022-07-30 16:13:52');
INSERT INTO auction_history(auction_id, user_id, art_id, bid_price, bid_date)
VALUES (42, 24, 61, 35000, '2022-07-30 18:21:02');
INSERT INTO auction_history(auction_id, user_id, art_id, bid_price, bid_date)
VALUES (42, 21, 61, 40000, '2022-07-30 22:24:37');

INSERT INTO auction_history(auction_id, user_id, art_id, bid_price, bid_date)
VALUES (43, 13, 62, 5000, '2022-07-30 14:00:05');
INSERT INTO auction_history(auction_id, user_id, art_id, bid_price, bid_date)
VALUES (43, 39, 62, 10000, '2022-07-30 14:10:41');
INSERT INTO auction_history(auction_id, user_id, art_id, bid_price, bid_date)
VALUES (43, 47, 62, 15000, '2022-07-30 14:28:44');
INSERT INTO auction_history(auction_id, user_id, art_id, bid_price, bid_date)
VALUES (43, 42, 62, 20000, '2022-07-30 15:14:39');
INSERT INTO auction_history(auction_id, user_id, art_id, bid_price, bid_date)
VALUES (43, 13, 62, 25000, '2022-07-30 17:46:24');

INSERT INTO auction_history(auction_id, user_id, art_id, bid_price, bid_date)
VALUES (44, 23, 63, 20000, '2022-07-30 12:32:49');
INSERT INTO auction_history(auction_id, user_id, art_id, bid_price, bid_date)
VALUES (44, 36, 63, 25000, '2022-07-30 14:53:41');
INSERT INTO auction_history(auction_id, user_id, art_id, bid_price, bid_date)
VALUES (44, 21, 63, 30000, '2022-07-30 18:21:21');
INSERT INTO auction_history(auction_id, user_id, art_id, bid_price, bid_date)
VALUES (44, 23, 63, 35000, '2022-07-30 19:17:03');
INSERT INTO auction_history(auction_id, user_id, art_id, bid_price, bid_date)
VALUES (44, 36, 63, 40000, '2022-07-30 20:08:36');

INSERT INTO auction_history(auction_id, user_id, art_id, bid_price, bid_date)
VALUES (45, 42, 64, 25000, '2022-07-30 10:09:18');
INSERT INTO auction_history(auction_id, user_id, art_id, bid_price, bid_date)
VALUES (45, 16, 64, 30000, '2022-07-30 12:02:56');
INSERT INTO auction_history(auction_id, user_id, art_id, bid_price, bid_date)
VALUES (45, 14, 64, 35000, '2022-07-30 14:00:00');
INSERT INTO auction_history(auction_id, user_id, art_id, bid_price, bid_date)
VALUES (45, 42, 64, 40000, '2022-07-30 19:02:09');
INSERT INTO auction_history(auction_id, user_id, art_id, bid_price, bid_date)
VALUES (45, 16, 64, 45000, '2022-07-30 19:13:55');

INSERT INTO auction_history(auction_id, user_id, art_id, bid_price, bid_date)
VALUES (46, 30, 65, 29000, '2022-07-30 10:03:47');
INSERT INTO auction_history(auction_id, user_id, art_id, bid_price, bid_date)
VALUES (46, 39, 65, 34000, '2022-07-30 11:43:50');
INSERT INTO auction_history(auction_id, user_id, art_id, bid_price, bid_date)
VALUES (46, 44, 65, 39000, '2022-07-30 14:38:08');
INSERT INTO auction_history(auction_id, user_id, art_id, bid_price, bid_date)
VALUES (46, 30, 65, 44000, '2022-07-30 15:17:35');
INSERT INTO auction_history(auction_id, user_id, art_id, bid_price, bid_date)
VALUES (46, 39, 65, 49000, '2022-07-30 20:08:03');

INSERT INTO auction_history(auction_id, user_id, art_id, bid_price, bid_date)
VALUES (47, 4, 67, 31000, '2022-07-30 11:57:40');
INSERT INTO auction_history(auction_id, user_id, art_id, bid_price, bid_date)
VALUES (47, 26, 67, 36000, '2022-07-30 13:29:11');
INSERT INTO auction_history(auction_id, user_id, art_id, bid_price, bid_date)
VALUES (47, 49, 67, 41000, '2022-07-30 15:54:38');
INSERT INTO auction_history(auction_id, user_id, art_id, bid_price, bid_date)
VALUES (47, 4, 67, 46000, '2022-07-30 15:58:07');
INSERT INTO auction_history(auction_id, user_id, art_id, bid_price, bid_date)
VALUES (47, 26, 67, 51000, '2022-07-30 17:16:48');
INSERT INTO auction_history(auction_id, user_id, art_id, bid_price, bid_date)
VALUES (47, 49, 67, 56000, '2022-07-30 17:48:21');
INSERT INTO auction_history(auction_id, user_id, art_id, bid_price, bid_date)
VALUES (47, 4, 67, 61000, '2022-07-30 18:56:01');
INSERT INTO auction_history(auction_id, user_id, art_id, bid_price, bid_date)
VALUES (47, 26, 67, 66000, '2022-07-30 20:32:16');
INSERT INTO auction_history(auction_id, user_id, art_id, bid_price, bid_date)
VALUES (47, 49, 67, 71000, '2022-07-30 22:39:37');

INSERT INTO auction_history(auction_id, user_id, art_id, bid_price, bid_date)
VALUES (48, 31, 68, 32000, '2022-07-30 12:37:37');
INSERT INTO auction_history(auction_id, user_id, art_id, bid_price, bid_date)
VALUES (48, 26, 68, 37000, '2022-07-30 13:29:30');
INSERT INTO auction_history(auction_id, user_id, art_id, bid_price, bid_date)
VALUES (48, 22, 68, 42000, '2022-07-30 14:53:59');
INSERT INTO auction_history(auction_id, user_id, art_id, bid_price, bid_date)
VALUES (48, 31, 68, 47000, '2022-07-30 17:49:46');
INSERT INTO auction_history(auction_id, user_id, art_id, bid_price, bid_date)
VALUES (48, 26, 68, 52000, '2022-07-30 19:54:30');
INSERT INTO auction_history(auction_id, user_id, art_id, bid_price, bid_date)
VALUES (48, 22, 68, 57000, '2022-07-30 20:51:44');
INSERT INTO auction_history(auction_id, user_id, art_id, bid_price, bid_date)
VALUES (48, 31, 68, 62000, '2022-07-30 22:25:33');
INSERT INTO auction_history(auction_id, user_id, art_id, bid_price, bid_date)
VALUES (48, 26, 68, 67000, '2022-07-30 22:58:22');
INSERT INTO auction_history(auction_id, user_id, art_id, bid_price, bid_date)
VALUES (48, 22, 68, 72000, '2022-07-30 23:36:56');

INSERT INTO auction_history(auction_id, user_id, art_id, bid_price, bid_date)
VALUES (49, 18, 69, 35000, '2022-07-30 11:49:34');
INSERT INTO auction_history(auction_id, user_id, art_id, bid_price, bid_date)
VALUES (49, 27, 69, 40000, '2022-07-30 13:49:34');
INSERT INTO auction_history(auction_id, user_id, art_id, bid_price, bid_date)
VALUES (49, 36, 69, 45000, '2022-07-30 16:06:46');
INSERT INTO auction_history(auction_id, user_id, art_id, bid_price, bid_date)
VALUES (49, 18, 69, 50000, '2022-07-30 18:30:46');
INSERT INTO auction_history(auction_id, user_id, art_id, bid_price, bid_date)
VALUES (49, 27, 69, 55000, '2022-07-30 22:13:39');

INSERT INTO auction_history(auction_id, user_id, art_id, bid_price, bid_date)
VALUES (50, 12, 70, 40000, '2022-07-30 11:17:31');
INSERT INTO auction_history(auction_id, user_id, art_id, bid_price, bid_date)
VALUES (50, 42, 70, 45000, '2022-07-30 12:15:14');
INSERT INTO auction_history(auction_id, user_id, art_id, bid_price, bid_date)
VALUES (50, 33, 70, 50000, '2022-07-30 15:53:07');
INSERT INTO auction_history(auction_id, user_id, art_id, bid_price, bid_date)
VALUES (50, 12, 70, 55000, '2022-07-30 18:16:58');
INSERT INTO auction_history(auction_id, user_id, art_id, bid_price, bid_date)
VALUES (50, 42, 70, 60000, '2022-07-30 18:44:37');
INSERT INTO auction_history(auction_id, user_id, art_id, bid_price, bid_date)
VALUES (50, 33, 70, 65000, '2022-07-30 22:38:09');
INSERT INTO auction_history(auction_id, user_id, art_id, bid_price, bid_date)
VALUES (50, 12, 70, 70000, '2022-07-30 23:28:33');

INSERT INTO auction_history(auction_id, user_id, art_id, bid_price, bid_date)
VALUES (51, 26, 71, 42000, '2022-07-30 10:29:06');
INSERT INTO auction_history(auction_id, user_id, art_id, bid_price, bid_date)
VALUES (51, 28, 71, 47000, '2022-07-30 13:24:40');
INSERT INTO auction_history(auction_id, user_id, art_id, bid_price, bid_date)
VALUES (51, 6, 71, 52000, '2022-07-30 13:42:45');
INSERT INTO auction_history(auction_id, user_id, art_id, bid_price, bid_date)
VALUES (51, 26, 71, 57000, '2022-07-30 20:49:38');
INSERT INTO auction_history(auction_id, user_id, art_id, bid_price, bid_date)
VALUES (51, 28, 71, 62000, '2022-07-30 21:19:34');
INSERT INTO auction_history(auction_id, user_id, art_id, bid_price, bid_date)
VALUES (51, 6, 71, 67000, '2022-07-30 22:20:54');

INSERT INTO auction_history(auction_id, user_id, art_id, bid_price, bid_date)
VALUES (52, 18, 72, 55000, '2022-07-30 10:19:01');
INSERT INTO auction_history(auction_id, user_id, art_id, bid_price, bid_date)
VALUES (52, 16, 72, 60000, '2022-07-30 15:36:24');
INSERT INTO auction_history(auction_id, user_id, art_id, bid_price, bid_date)
VALUES (52, 29, 72, 65000, '2022-07-30 15:53:44');
INSERT INTO auction_history(auction_id, user_id, art_id, bid_price, bid_date)
VALUES (52, 4, 72, 70000, '2022-07-30 18:04:03');
INSERT INTO auction_history(auction_id, user_id, art_id, bid_price, bid_date)
VALUES (52, 23, 72, 75000, '2022-07-30 19:35:50');
INSERT INTO auction_history(auction_id, user_id, art_id, bid_price, bid_date)
VALUES (52, 47, 72, 80000, '2022-07-30 20:18:02');
INSERT INTO auction_history(auction_id, user_id, art_id, bid_price, bid_date)
VALUES (52, 18, 72, 85000, '2022-07-30 22:37:40');
INSERT INTO auction_history(auction_id, user_id, art_id, bid_price, bid_date)
VALUES (52, 16, 72, 90000, '2022-07-30 22:43:39');

INSERT INTO auction_history(auction_id, user_id, art_id, bid_price, bid_date)
VALUES (53, 22, 73, 95000, '2022-07-30 10:03:02');
INSERT INTO auction_history(auction_id, user_id, art_id, bid_price, bid_date)
VALUES (53, 25, 73, 100000, '2022-07-30 11:04:28');
INSERT INTO auction_history(auction_id, user_id, art_id, bid_price, bid_date)
VALUES (53, 47, 73, 105000, '2022-07-30 12:17:33');
INSERT INTO auction_history(auction_id, user_id, art_id, bid_price, bid_date)
VALUES (53, 22, 73, 110000, '2022-07-30 20:54:51');
INSERT INTO auction_history(auction_id, user_id, art_id, bid_price, bid_date)
VALUES (53, 25, 73, 115000, '2022-07-30 22:16:34');
INSERT INTO auction_history(auction_id, user_id, art_id, bid_price, bid_date)
VALUES (53, 47, 73, 120000, '2022-07-30 22:55:58');
INSERT INTO auction_history(auction_id, user_id, art_id, bid_price, bid_date)
VALUES (53, 22, 73, 125000, '2022-07-30 23:13:07');
INSERT INTO auction_history(auction_id, user_id, art_id, bid_price, bid_date)
VALUES (53, 25, 73, 130000, '2022-07-30 23:50:52');

INSERT INTO auction_history(auction_id, user_id, art_id, bid_price, bid_date)
VALUES (54, 35, 74, 85000, '2022-07-30 12:28:55');
INSERT INTO auction_history(auction_id, user_id, art_id, bid_price, bid_date)
VALUES (54, 34, 74, 90000, '2022-07-30 18:30:43');
INSERT INTO auction_history(auction_id, user_id, art_id, bid_price, bid_date)
VALUES (54, 39, 74, 95000, '2022-07-30 19:04:43');
INSERT INTO auction_history(auction_id, user_id, art_id, bid_price, bid_date)
VALUES (54, 35, 74, 100000, '2022-07-30 22:29:09');
INSERT INTO auction_history(auction_id, user_id, art_id, bid_price, bid_date)
VALUES (54, 34, 74, 105000, '2022-07-30 23:20:01');

INSERT INTO auction_history(auction_id, user_id, art_id, bid_price, bid_date)
VALUES (55, 24, 75, 75000, '2022-07-30 10:25:09');
INSERT INTO auction_history(auction_id, user_id, art_id, bid_price, bid_date)
VALUES (55, 16, 75, 80000, '2022-07-30 10:35:52');
INSERT INTO auction_history(auction_id, user_id, art_id, bid_price, bid_date)
VALUES (55, 14, 75, 85000, '2022-07-30 11:28:02');
INSERT INTO auction_history(auction_id, user_id, art_id, bid_price, bid_date)
VALUES (55, 24, 75, 90000, '2022-07-30 12:31:00');
INSERT INTO auction_history(auction_id, user_id, art_id, bid_price, bid_date)
VALUES (55, 16, 75, 95000, '2022-07-30 15:01:27');
INSERT INTO auction_history(auction_id, user_id, art_id, bid_price, bid_date)
VALUES (55, 14, 75, 100000, '2022-07-30 17:50:58');
INSERT INTO auction_history(auction_id, user_id, art_id, bid_price, bid_date)
VALUES (55, 24, 75, 105000, '2022-07-30 18:17:14');
INSERT INTO auction_history(auction_id, user_id, art_id, bid_price, bid_date)
VALUES (55, 16, 75, 110000, '2022-07-30 20:33:31');
INSERT INTO auction_history(auction_id, user_id, art_id, bid_price, bid_date)
VALUES (55, 14, 75, 115000, '2022-07-30 22:11:45');

INSERT INTO auction_history(auction_id, user_id, art_id, bid_price, bid_date)
VALUES (56, 42, 76, 69000, '2022-07-30 10:41:57');
INSERT INTO auction_history(auction_id, user_id, art_id, bid_price, bid_date)
VALUES (56, 43, 76, 74000, '2022-07-30 11:53:07');
INSERT INTO auction_history(auction_id, user_id, art_id, bid_price, bid_date)
VALUES (56, 9, 76, 79000, '2022-07-30 12:45:44');
INSERT INTO auction_history(auction_id, user_id, art_id, bid_price, bid_date)
VALUES (56, 35, 76, 84000, '2022-07-30 15:46:00');
INSERT INTO auction_history(auction_id, user_id, art_id, bid_price, bid_date)
VALUES (56, 42, 76, 89000, '2022-07-30 23:04:21');

INSERT INTO auction_history(auction_id, user_id, art_id, bid_price, bid_date)
VALUES (57, 45, 77, 52000, '2022-07-30 10:37:57');
INSERT INTO auction_history(auction_id, user_id, art_id, bid_price, bid_date)
VALUES (57, 39, 77, 57000, '2022-07-30 10:51:15');
INSERT INTO auction_history(auction_id, user_id, art_id, bid_price, bid_date)
VALUES (57, 24, 77, 62000, '2022-07-30 12:51:01');
INSERT INTO auction_history(auction_id, user_id, art_id, bid_price, bid_date)
VALUES (57, 30, 77, 67000, '2022-07-30 14:15:46');
INSERT INTO auction_history(auction_id, user_id, art_id, bid_price, bid_date)
VALUES (57, 45, 77, 72000, '2022-07-30 17:09:43');
INSERT INTO auction_history(auction_id, user_id, art_id, bid_price, bid_date)
VALUES (57, 39, 77, 77000, '2022-07-30 19:59:59');
INSERT INTO auction_history(auction_id, user_id, art_id, bid_price, bid_date)
VALUES (57, 24, 77, 82000, '2022-07-30 20:54:44');
INSERT INTO auction_history(auction_id, user_id, art_id, bid_price, bid_date)
VALUES (57, 30, 77, 87000, '2022-07-30 23:49:23');
INSERT INTO auction_history(auction_id, user_id, art_id, bid_price, bid_date)
VALUES (57, 45, 77, 92000, '2022-07-30 23:50:37');

INSERT INTO auction_history(auction_id, user_id, art_id, bid_price, bid_date)
VALUES (58, 42, 79, 34000, '2022-07-30 10:53:00');
INSERT INTO auction_history(auction_id, user_id, art_id, bid_price, bid_date)
VALUES (58, 33, 79, 39000, '2022-07-30 11:30:57');
INSERT INTO auction_history(auction_id, user_id, art_id, bid_price, bid_date)
VALUES (58, 38, 79, 44000, '2022-07-30 11:40:21');
INSERT INTO auction_history(auction_id, user_id, art_id, bid_price, bid_date)
VALUES (58, 27, 79, 49000, '2022-07-30 13:20:01');
INSERT INTO auction_history(auction_id, user_id, art_id, bid_price, bid_date)
VALUES (58, 42, 79, 54000, '2022-07-30 16:13:28');
INSERT INTO auction_history(auction_id, user_id, art_id, bid_price, bid_date)
VALUES (58, 33, 79, 59000, '2022-07-30 17:18:25');
INSERT INTO auction_history(auction_id, user_id, art_id, bid_price, bid_date)
VALUES (58, 38, 79, 64000, '2022-07-30 23:24:34');

INSERT INTO auction_history(auction_id, user_id, art_id, bid_price, bid_date)
VALUES (59, 26, 80, 47000, '2022-07-30 11:54:53');
INSERT INTO auction_history(auction_id, user_id, art_id, bid_price, bid_date)
VALUES (59, 24, 80, 52000, '2022-07-30 12:43:45');
INSERT INTO auction_history(auction_id, user_id, art_id, bid_price, bid_date)
VALUES (59, 13, 80, 57000, '2022-07-30 18:24:24');
INSERT INTO auction_history(auction_id, user_id, art_id, bid_price, bid_date)
VALUES (59, 31, 80, 62000, '2022-07-30 18:30:04');
INSERT INTO auction_history(auction_id, user_id, art_id, bid_price, bid_date)
VALUES (59, 26, 80, 67000, '2022-07-30 19:35:37');
INSERT INTO auction_history(auction_id, user_id, art_id, bid_price, bid_date)
VALUES (59, 24, 80, 72000, '2022-07-30 20:31:07');

INSERT INTO auction_history(auction_id, user_id, art_id, bid_price, bid_date)
VALUES (60, 40, 81, 42000, '2022-07-30 16:21:29');
INSERT INTO auction_history(auction_id, user_id, art_id, bid_price, bid_date)
VALUES (60, 35, 81, 47000, '2022-07-30 17:55:06');
INSERT INTO auction_history(auction_id, user_id, art_id, bid_price, bid_date)
VALUES (60, 39, 81, 52000, '2022-07-30 21:10:24');
INSERT INTO auction_history(auction_id, user_id, art_id, bid_price, bid_date)
VALUES (60, 17, 81, 57000, '2022-07-30 21:32:22');
INSERT INTO auction_history(auction_id, user_id, art_id, bid_price, bid_date)
VALUES (60, 40, 81, 62000, '2022-07-30 21:46:24');
INSERT INTO auction_history(auction_id, user_id, art_id, bid_price, bid_date)
VALUES (60, 35, 81, 67000, '2022-07-30 21:47:08');
INSERT INTO auction_history(auction_id, user_id, art_id, bid_price, bid_date)
VALUES (60, 39, 81, 72000, '2022-07-30 22:42:41');

INSERT INTO auction_history(auction_id, user_id, art_id, bid_price, bid_date)
VALUES (61, 2, 82, 10000, '2022-07-30 10:10:31');
INSERT INTO auction_history(auction_id, user_id, art_id, bid_price, bid_date)
VALUES (61, 45, 82, 15000, '2022-07-30 11:16:17');
INSERT INTO auction_history(auction_id, user_id, art_id, bid_price, bid_date)
VALUES (61, 6, 82, 20000, '2022-07-30 11:42:19');
INSERT INTO auction_history(auction_id, user_id, art_id, bid_price, bid_date)
VALUES (61, 10, 82, 25000, '2022-07-30 14:58:33');
INSERT INTO auction_history(auction_id, user_id, art_id, bid_price, bid_date)
VALUES (61, 2, 82, 30000, '2022-07-30 17:09:40');
INSERT INTO auction_history(auction_id, user_id, art_id, bid_price, bid_date)
VALUES (61, 45, 82, 35000, '2022-07-30 18:35:28');
INSERT INTO auction_history(auction_id, user_id, art_id, bid_price, bid_date)
VALUES (61, 6, 82, 40000, '2022-07-30 18:46:40');
INSERT INTO auction_history(auction_id, user_id, art_id, bid_price, bid_date)
VALUES (61, 10, 82, 45000, '2022-07-30 20:11:06');
INSERT INTO auction_history(auction_id, user_id, art_id, bid_price, bid_date)
VALUES (61, 2, 82, 50000, '2022-07-30 23:31:55');

INSERT INTO auction_history(auction_id, user_id, art_id, bid_price, bid_date)
VALUES (62, 21, 83, 62000, '2022-07-30 10:11:45');
INSERT INTO auction_history(auction_id, user_id, art_id, bid_price, bid_date)
VALUES (62, 14, 83, 67000, '2022-07-30 12:21:41');
INSERT INTO auction_history(auction_id, user_id, art_id, bid_price, bid_date)
VALUES (62, 26, 83, 72000, '2022-07-30 14:07:36');
INSERT INTO auction_history(auction_id, user_id, art_id, bid_price, bid_date)
VALUES (62, 43, 83, 77000, '2022-07-30 14:39:51');
INSERT INTO auction_history(auction_id, user_id, art_id, bid_price, bid_date)
VALUES (62, 37, 83, 82000, '2022-07-30 18:13:01');
INSERT INTO auction_history(auction_id, user_id, art_id, bid_price, bid_date)
VALUES (62, 21, 83, 87000, '2022-07-30 22:04:42');

INSERT INTO auction_history(auction_id, user_id, art_id, bid_price, bid_date)
VALUES (63, 10, 84, 64000, '2022-07-30 12:20:53');
INSERT INTO auction_history(auction_id, user_id, art_id, bid_price, bid_date)
VALUES (63, 25, 84, 69000, '2022-07-30 12:46:05');
INSERT INTO auction_history(auction_id, user_id, art_id, bid_price, bid_date)
VALUES (63, 16, 84, 74000, '2022-07-30 17:34:52');
INSERT INTO auction_history(auction_id, user_id, art_id, bid_price, bid_date)
VALUES (63, 10, 84, 79000, '2022-07-30 18:03:35');
INSERT INTO auction_history(auction_id, user_id, art_id, bid_price, bid_date)
VALUES (63, 25, 84, 84000, '2022-07-30 22:00:21');
INSERT INTO auction_history(auction_id, user_id, art_id, bid_price, bid_date)
VALUES (63, 16, 84, 89000, '2022-07-30 22:04:17');
INSERT INTO auction_history(auction_id, user_id, art_id, bid_price, bid_date)
VALUES (63, 10, 84, 94000, '2022-07-30 22:18:22');

INSERT INTO auction_history(auction_id, user_id, art_id, bid_price, bid_date)
VALUES (64, 43, 86, 50000, '2022-07-30 12:59:45');
INSERT INTO auction_history(auction_id, user_id, art_id, bid_price, bid_date)
VALUES (64, 2, 86, 55000, '2022-07-30 13:37:32');
INSERT INTO auction_history(auction_id, user_id, art_id, bid_price, bid_date)
VALUES (64, 29, 86, 60000, '2022-07-30 14:06:49');
INSERT INTO auction_history(auction_id, user_id, art_id, bid_price, bid_date)
VALUES (64, 34, 86, 65000, '2022-07-30 15:25:20');
INSERT INTO auction_history(auction_id, user_id, art_id, bid_price, bid_date)
VALUES (64, 10, 86, 70000, '2022-07-30 16:24:56');
INSERT INTO auction_history(auction_id, user_id, art_id, bid_price, bid_date)
VALUES (64, 43, 86, 75000, '2022-07-30 18:51:54');
INSERT INTO auction_history(auction_id, user_id, art_id, bid_price, bid_date)
VALUES (64, 2, 86, 80000, '2022-07-30 21:52:39');
INSERT INTO auction_history(auction_id, user_id, art_id, bid_price, bid_date)
VALUES (64, 29, 86, 85000, '2022-07-30 22:29:43');

INSERT INTO auction_history(auction_id, user_id, art_id, bid_price, bid_date)
VALUES (65, 17, 87, 125000, '2022-07-30 10:43:31');
INSERT INTO auction_history(auction_id, user_id, art_id, bid_price, bid_date)
VALUES (65, 2, 87, 130000, '2022-07-30 11:30:07');
INSERT INTO auction_history(auction_id, user_id, art_id, bid_price, bid_date)
VALUES (65, 24, 87, 135000, '2022-07-30 15:51:13');
INSERT INTO auction_history(auction_id, user_id, art_id, bid_price, bid_date)
VALUES (65, 29, 87, 140000, '2022-07-30 16:26:25');
INSERT INTO auction_history(auction_id, user_id, art_id, bid_price, bid_date)
VALUES (65, 42, 87, 145000, '2022-07-30 16:27:34');
INSERT INTO auction_history(auction_id, user_id, art_id, bid_price, bid_date)
VALUES (65, 17, 87, 150000, '2022-07-30 17:56:34');
INSERT INTO auction_history(auction_id, user_id, art_id, bid_price, bid_date)
VALUES (65, 2, 87, 155000, '2022-07-30 18:32:46');
INSERT INTO auction_history(auction_id, user_id, art_id, bid_price, bid_date)
VALUES (65, 24, 87, 160000, '2022-07-30 21:47:58');

INSERT INTO auction_history(auction_id, user_id, art_id, bid_price, bid_date)
VALUES (66, 35, 88, 135000, '2022-07-30 11:24:06');
INSERT INTO auction_history(auction_id, user_id, art_id, bid_price, bid_date)
VALUES (66, 12, 88, 140000, '2022-07-30 14:00:10');
INSERT INTO auction_history(auction_id, user_id, art_id, bid_price, bid_date)
VALUES (66, 17, 88, 145000, '2022-07-30 14:40:49');
INSERT INTO auction_history(auction_id, user_id, art_id, bid_price, bid_date)
VALUES (66, 39, 88, 150000, '2022-07-30 17:24:53');
INSERT INTO auction_history(auction_id, user_id, art_id, bid_price, bid_date)
VALUES (66, 4, 88, 155000, '2022-07-30 17:27:42');
INSERT INTO auction_history(auction_id, user_id, art_id, bid_price, bid_date)
VALUES (66, 35, 88, 160000, '2022-07-30 17:58:43');
INSERT INTO auction_history(auction_id, user_id, art_id, bid_price, bid_date)
VALUES (66, 12, 88, 165000, '2022-07-30 18:48:17');
INSERT INTO auction_history(auction_id, user_id, art_id, bid_price, bid_date)
VALUES (66, 17, 88, 170000, '2022-07-30 21:57:25');

INSERT INTO auction_history(auction_id, user_id, art_id, bid_price, bid_date)
VALUES (67, 6, 89, 145000, '2022-07-30 11:21:53');
INSERT INTO auction_history(auction_id, user_id, art_id, bid_price, bid_date)
VALUES (67, 49, 89, 150000, '2022-07-30 12:57:25');
INSERT INTO auction_history(auction_id, user_id, art_id, bid_price, bid_date)
VALUES (67, 9, 89, 155000, '2022-07-30 15:44:03');
INSERT INTO auction_history(auction_id, user_id, art_id, bid_price, bid_date)
VALUES (67, 45, 89, 160000, '2022-07-30 18:07:54');
INSERT INTO auction_history(auction_id, user_id, art_id, bid_price, bid_date)
VALUES (67, 6, 89, 165000, '2022-07-30 18:16:09');
INSERT INTO auction_history(auction_id, user_id, art_id, bid_price, bid_date)
VALUES (67, 49, 89, 170000, '2022-07-30 19:03:13');
INSERT INTO auction_history(auction_id, user_id, art_id, bid_price, bid_date)
VALUES (67, 9, 89, 175000, '2022-07-30 22:56:03');

INSERT INTO auction_history(auction_id, user_id, art_id, bid_price, bid_date)
VALUES (68, 6, 90, 530000, '2022-07-30 10:06:55');
INSERT INTO auction_history(auction_id, user_id, art_id, bid_price, bid_date)
VALUES (68, 40, 90, 535000, '2022-07-30 12:36:54');
INSERT INTO auction_history(auction_id, user_id, art_id, bid_price, bid_date)
VALUES (68, 34, 90, 540000, '2022-07-30 13:42:41');
INSERT INTO auction_history(auction_id, user_id, art_id, bid_price, bid_date)
VALUES (68, 42, 90, 545000, '2022-07-30 15:39:05');
INSERT INTO auction_history(auction_id, user_id, art_id, bid_price, bid_date)
VALUES (68, 6, 90, 550000, '2022-07-30 17:36:33');
INSERT INTO auction_history(auction_id, user_id, art_id, bid_price, bid_date)
VALUES (68, 40, 90, 555000, '2022-07-30 19:23:43');
INSERT INTO auction_history(auction_id, user_id, art_id, bid_price, bid_date)
VALUES (68, 34, 90, 560000, '2022-07-30 21:19:50');
INSERT INTO auction_history(auction_id, user_id, art_id, bid_price, bid_date)
VALUES (68, 42, 90, 565000, '2022-07-30 22:46:08');
INSERT INTO auction_history(auction_id, user_id, art_id, bid_price, bid_date)
VALUES (68, 6, 90, 570000, '2022-07-30 23:58:13');

INSERT INTO auction_history(auction_id, user_id, art_id, bid_price, bid_date)
VALUES (69, 36, 91, 350000, '2022-07-30 12:28:12');
INSERT INTO auction_history(auction_id, user_id, art_id, bid_price, bid_date)
VALUES (69, 39, 91, 355000, '2022-07-30 14:23:23');
INSERT INTO auction_history(auction_id, user_id, art_id, bid_price, bid_date)
VALUES (69, 35, 91, 360000, '2022-07-30 17:56:26');
INSERT INTO auction_history(auction_id, user_id, art_id, bid_price, bid_date)
VALUES (69, 28, 91, 365000, '2022-07-30 18:19:41');
INSERT INTO auction_history(auction_id, user_id, art_id, bid_price, bid_date)
VALUES (69, 36, 91, 370000, '2022-07-30 20:04:24');
INSERT INTO auction_history(auction_id, user_id, art_id, bid_price, bid_date)
VALUES (69, 39, 91, 375000, '2022-07-30 22:05:48');
INSERT INTO auction_history(auction_id, user_id, art_id, bid_price, bid_date)
VALUES (69, 35, 91, 380000, '2022-07-30 23:20:24');

INSERT INTO auction_history(auction_id, user_id, art_id, bid_price, bid_date)
VALUES (70, 45, 92, 30000, '2022-07-30 12:50:51');
INSERT INTO auction_history(auction_id, user_id, art_id, bid_price, bid_date)
VALUES (70, 12, 92, 35000, '2022-07-30 13:01:59');
INSERT INTO auction_history(auction_id, user_id, art_id, bid_price, bid_date)
VALUES (70, 27, 92, 40000, '2022-07-30 15:40:20');
INSERT INTO auction_history(auction_id, user_id, art_id, bid_price, bid_date)
VALUES (70, 23, 92, 45000, '2022-07-30 18:45:39');
INSERT INTO auction_history(auction_id, user_id, art_id, bid_price, bid_date)
VALUES (70, 45, 92, 50000, '2022-07-30 18:51:40');

INSERT INTO auction_history(auction_id, user_id, art_id, bid_price, bid_date)
VALUES (71, 34, 93, 92000, '2022-07-30 13:46:51');
INSERT INTO auction_history(auction_id, user_id, art_id, bid_price, bid_date)
VALUES (71, 14, 93, 97000, '2022-07-30 17:44:58');
INSERT INTO auction_history(auction_id, user_id, art_id, bid_price, bid_date)
VALUES (71, 2, 93, 102000, '2022-07-30 18:08:58');
INSERT INTO auction_history(auction_id, user_id, art_id, bid_price, bid_date)
VALUES (71, 12, 93, 107000, '2022-07-30 19:04:46');
INSERT INTO auction_history(auction_id, user_id, art_id, bid_price, bid_date)
VALUES (71, 49, 93, 112000, '2022-07-30 22:28:34');
INSERT INTO auction_history(auction_id, user_id, art_id, bid_price, bid_date)
VALUES (71, 34, 93, 117000, '2022-07-30 23:34:15');
INSERT INTO auction_history(auction_id, user_id, art_id, bid_price, bid_date)
VALUES (71, 14, 93, 122000, '2022-07-30 23:43:16');

INSERT INTO auction_history(auction_id, user_id, art_id, bid_price, bid_date)
VALUES (72, 30, 94, 90000, '2022-07-30 10:53:59');
INSERT INTO auction_history(auction_id, user_id, art_id, bid_price, bid_date)
VALUES (72, 37, 94, 95000, '2022-07-30 11:16:10');
INSERT INTO auction_history(auction_id, user_id, art_id, bid_price, bid_date)
VALUES (72, 49, 94, 100000, '2022-07-30 13:33:18');
INSERT INTO auction_history(auction_id, user_id, art_id, bid_price, bid_date)
VALUES (72, 13, 94, 105000, '2022-07-30 21:00:12');
INSERT INTO auction_history(auction_id, user_id, art_id, bid_price, bid_date)
VALUES (72, 28, 94, 110000, '2022-07-30 22:26:26');
INSERT INTO auction_history(auction_id, user_id, art_id, bid_price, bid_date)
VALUES (72, 30, 94, 115000, '2022-07-30 22:34:14');
INSERT INTO auction_history(auction_id, user_id, art_id, bid_price, bid_date)
VALUES (72, 37, 94, 120000, '2022-07-30 23:13:54');

INSERT INTO auction_history(auction_id, user_id, art_id, bid_price, bid_date)
VALUES (73, 36, 95, 64000, '2022-07-30 13:25:58');
INSERT INTO auction_history(auction_id, user_id, art_id, bid_price, bid_date)
VALUES (73, 14, 95, 69000, '2022-07-30 15:10:16');
INSERT INTO auction_history(auction_id, user_id, art_id, bid_price, bid_date)
VALUES (73, 18, 95, 74000, '2022-07-30 16:28:08');
INSERT INTO auction_history(auction_id, user_id, art_id, bid_price, bid_date)
VALUES (73, 13, 95, 79000, '2022-07-30 17:34:55');
INSERT INTO auction_history(auction_id, user_id, art_id, bid_price, bid_date)
VALUES (73, 40, 95, 84000, '2022-07-30 18:14:22');
INSERT INTO auction_history(auction_id, user_id, art_id, bid_price, bid_date)
VALUES (73, 36, 95, 89000, '2022-07-30 19:51:09');
INSERT INTO auction_history(auction_id, user_id, art_id, bid_price, bid_date)
VALUES (73, 14, 95, 94000, '2022-07-30 20:59:57');
INSERT INTO auction_history(auction_id, user_id, art_id, bid_price, bid_date)
VALUES (73, 18, 95, 99000, '2022-07-30 21:02:07');



-- 7. PurchaseHistory
INSERT INTO purchase_history(user_id, art_id, auction_id, price, purchase_date, purchase_category)
VALUES (2, 1, 1, 40000, '2022-07-15 18:12:20', 'AUCTION');
INSERT INTO purchase_history(user_id, art_id, auction_id, price, purchase_date, purchase_category)
VALUES (23, 2, 2, 55000, '2022-07-15 19:31:12', 'AUCTION');
INSERT INTO purchase_history(user_id, art_id, auction_id, price, purchase_date, purchase_category)
VALUES (11, 4, 3, 100000, '2022-07-15 20:02:30', 'AUCTION');
INSERT INTO purchase_history(user_id, art_id, auction_id, price, purchase_date, purchase_category)
VALUES (24, 5, 4, 75000, '2022-07-15 21:49:12', 'AUCTION');
INSERT INTO purchase_history(user_id, art_id, auction_id, price, purchase_date, purchase_category)
VALUES (49, 6, 5, 25000, '2022-07-16 09:37:48', 'AUCTION');
INSERT INTO purchase_history(user_id, art_id, auction_id, price, purchase_date, purchase_category)
VALUES (13, 7, 6, 36000, '2022-07-16 10:12:54', 'AUCTION');
INSERT INTO purchase_history(user_id, art_id, auction_id, price, purchase_date, purchase_category)
VALUES (27, 11, 7, 750000, '2022-07-16 11:05:10', 'AUCTION');
INSERT INTO purchase_history(user_id, art_id, auction_id, price, purchase_date, purchase_category)
VALUES (39, 13, 8, 5000, '2022-07-16 11:12:43', 'AUCTION');
INSERT INTO purchase_history(user_id, art_id, auction_id, price, purchase_date, purchase_category)
VALUES (37, 15, 9, 78000, '2022-07-16 12:01:49', 'AUCTION');
INSERT INTO purchase_history(user_id, art_id, price, purchase_date)
VALUES (11, 16, 54000, '2022-07-16 12:14:53');
INSERT INTO purchase_history(user_id, art_id, price, purchase_date)
VALUES (2, 12, 75000, '2022-07-16 12:20:24');
INSERT INTO purchase_history(user_id, art_id, auction_id, price, purchase_date, purchase_category)
VALUES (21, 17, 10, 49000, '2022-07-16 12:37:42', 'AUCTION');
INSERT INTO purchase_history(user_id, art_id, auction_id, price, purchase_date, purchase_category)
VALUES (18, 19, 11, 132000, '2022-07-16 13:03:14', 'AUCTION');
INSERT INTO purchase_history(user_id, art_id, auction_id, price, purchase_date, purchase_category)
VALUES (44, 21, 12, 130000, '2022-07-16 13:42:50', 'AUCTION');
INSERT INTO purchase_history(user_id, art_id, auction_id, price, purchase_date, purchase_category)
VALUES (14, 22, 13, 20000, '2022-07-16 14:15:19', 'AUCTION');
INSERT INTO purchase_history(user_id, art_id, auction_id, price, purchase_date, purchase_category)
VALUES (22, 23, 14, 95000, '2022-07-16 15:03:09', 'AUCTION');
INSERT INTO purchase_history(user_id, art_id, price, purchase_date)
VALUES (37, 30, 17000, '2022-07-16 16:30:24');
INSERT INTO purchase_history(user_id, art_id, auction_id, price, purchase_date, purchase_category)
VALUES (35, 24, 15, 230000, '2022-07-16 16:38:01', 'AUCTION');
INSERT INTO purchase_history(user_id, art_id, auction_id, price, purchase_date, purchase_category)
VALUES (28, 25, 16, 45000, '2022-07-16 18:41:12', 'AUCTION');
INSERT INTO purchase_history(user_id, art_id, auction_id, price, purchase_date, purchase_category)
VALUES (33, 27, 17, 48000, '2022-07-16 18:48:57', 'AUCTION');
INSERT INTO purchase_history(user_id, art_id, price, purchase_date)
VALUES (49, 9, 45000, '2022-07-16 19:40:24');
INSERT INTO purchase_history(user_id, art_id, auction_id, price, purchase_date, purchase_category)
VALUES (34, 28, 18, 10000, '2022-07-16 20:49:20', 'AUCTION');
INSERT INTO purchase_history(user_id, art_id, auction_id, price, purchase_date, purchase_category)
VALUES (26, 29, 19, 340000, '2022-07-17 07:10:12', 'AUCTION');
INSERT INTO purchase_history(user_id, art_id, price, purchase_date)
VALUES (28, 3, 10000, '2022-07-17 11:24:50');
INSERT INTO purchase_history(user_id, art_id, price, purchase_date)
VALUES (28, 10, 50000, '2022-07-19 16:31:40');

-- 8. PointHistory
INSERT INTO point_history(user_id, deal_date) VALUES (1, '2022-07-10 11:36:43');
INSERT INTO point_history(user_id, deal_date) VALUES (2, '2022-07-10 12:17:55');
INSERT INTO point_history(user_id, deal_date) VALUES (3, '2022-07-10 12:55:37');
INSERT INTO point_history(user_id, deal_date) VALUES (4, '2022-07-10 13:28:52');
INSERT INTO point_history(user_id, deal_date) VALUES (5, '2022-07-10 13:53:53');
INSERT INTO point_history(user_id, deal_date) VALUES (6, '2022-07-10 17:36:43');
INSERT INTO point_history(user_id, deal_date) VALUES (7, '2022-07-10 19:47:01');
INSERT INTO point_history(user_id, deal_date) VALUES (8, '2022-07-10 20:01:19');
INSERT INTO point_history(user_id, deal_date) VALUES (9, '2022-07-10 21:03:46');
INSERT INTO point_history(user_id, deal_date) VALUES (10, '2022-07-11 09:25:34');
INSERT INTO point_history(user_id, deal_date) VALUES (11, '2022-07-11 10:52:34');
INSERT INTO point_history(user_id, deal_date) VALUES (12, '2022-07-11 12:59:41');
INSERT INTO point_history(user_id, deal_date) VALUES (13, '2022-07-11 14:36:14');
INSERT INTO point_history(user_id, deal_date) VALUES (14, '2022-07-11 15:07:33');
INSERT INTO point_history(user_id, deal_date) VALUES (15, '2022-07-11 17:03:29');
INSERT INTO point_history(user_id, deal_date) VALUES (16, '2022-07-11 18:26:54');
INSERT INTO point_history(user_id, deal_date) VALUES (17, '2022-07-11 20:53:55');
INSERT INTO point_history(user_id, deal_date) VALUES (18, '2022-07-11 20:57:15');
INSERT INTO point_history(user_id, deal_date) VALUES (19, '2022-07-11 22:41:54');
INSERT INTO point_history(user_id, deal_date) VALUES (20, '2022-07-12 12:59:38');
INSERT INTO point_history(user_id, deal_date) VALUES (21, '2022-07-12 13:45:58');
INSERT INTO point_history(user_id, deal_date) VALUES (22, '2022-07-12 14:02:38');
INSERT INTO point_history(user_id, deal_date) VALUES (23, '2022-07-12 14:35:02');
INSERT INTO point_history(user_id, deal_date) VALUES (24, '2022-07-12 15:16:48');
INSERT INTO point_history(user_id, deal_date) VALUES (25, '2022-07-12 16:48:05');
INSERT INTO point_history(user_id, deal_date) VALUES (26, '2022-07-12 17:24:36');
INSERT INTO point_history(user_id, deal_date) VALUES (27, '2022-07-12 17:59:09');
INSERT INTO point_history(user_id, deal_date) VALUES (28, '2022-07-12 20:01:35');
INSERT INTO point_history(user_id, deal_date) VALUES (29, '2022-07-12 22:21:19');
INSERT INTO point_history(user_id, deal_date) VALUES (30, '2022-07-13 09:41:51');
INSERT INTO point_history(user_id, deal_date) VALUES (31, '2022-07-13 11:11:50');
INSERT INTO point_history(user_id, deal_date) VALUES (32, '2022-07-13 11:53:42');
INSERT INTO point_history(user_id, deal_date) VALUES (33, '2022-07-13 12:14:29');
INSERT INTO point_history(user_id, deal_date) VALUES (34, '2022-07-13 14:50:59');
INSERT INTO point_history(user_id, deal_date) VALUES (35, '2022-07-13 16:08:09');
INSERT INTO point_history(user_id, deal_date) VALUES (36, '2022-07-13 17:42:01');
INSERT INTO point_history(user_id, deal_date) VALUES (37, '2022-07-13 21:42:01');
INSERT INTO point_history(user_id, deal_date) VALUES (38, '2022-07-13 22:40:18');
INSERT INTO point_history(user_id, deal_date) VALUES (39, '2022-07-13 23:49:41');
INSERT INTO point_history(user_id, deal_date) VALUES (40, '2022-07-14 09:17:50');
INSERT INTO point_history(user_id, deal_date) VALUES (41, '2022-07-14 12:23:55');
INSERT INTO point_history(user_id, deal_date) VALUES (42, '2022-07-14 13:17:26');
INSERT INTO point_history(user_id, deal_date) VALUES (43, '2022-07-14 17:12:05');
INSERT INTO point_history(user_id, deal_date) VALUES (44, '2022-07-14 17:18:18');
INSERT INTO point_history(user_id, deal_date) VALUES (45, '2022-07-14 17:35:27');
INSERT INTO point_history(user_id, deal_date) VALUES (46, '2022-07-14 17:50:55');
INSERT INTO point_history(user_id, deal_date) VALUES (47, '2022-07-14 17:59:38');
INSERT INTO point_history(user_id, deal_date) VALUES (48, '2022-07-14 20:13:29');
INSERT INTO point_history(user_id, deal_date) VALUES (49, '2022-07-14 22:51:49');
INSERT INTO point_history(user_id, deal_date) VALUES (50, '2022-07-15 23:12:40');

-- JOIN, CHARGE, REFUND, USE
INSERT INTO point_history(user_id, deal_type, deal_amount, point, deal_date)
VALUES (2, 'CHARGE', 180000, 180000, '2022-07-10 17:30:12');
INSERT INTO point_history(user_id, deal_type, deal_amount, point, deal_date)
VALUES (2, 'USE', 40000, 140000, '2022-07-15 18:12:20');
INSERT INTO point_history(user_id, deal_type, deal_amount, point, deal_date)
VALUES (2, 'USER', 75000, 65000, '2022-07-16 12:20:24');
INSERT INTO point_history(user_id, deal_type, deal_amount, point, deal_date)
VALUES (23, 'CHARGE', 100000, 100000, '2022-07-12 19:30:31');
INSERT INTO point_history(user_id, deal_type, deal_amount, point, deal_date)
VALUES (23, 'USE', 55000, 45000, '2022-07-15 19:31:12');
INSERT INTO point_history(user_id, deal_type, deal_amount, point, deal_date)
VALUES (11, 'CHARGE', 250000, 250000, '2022-07-12 08:31:49');
INSERT INTO point_history(user_id, deal_type, deal_amount, point, deal_date)
VALUES (11, 'USE', 100000, 150000, '2022-07-15 20:02:30');
INSERT INTO point_history(user_id, deal_type, deal_amount, point, deal_date)
VALUES (11, 'USE', 54000, 96000, '2022-07-16 12:14:53');
INSERT INTO point_history(user_id, deal_type, deal_amount, point, deal_date)
VALUES (11, 'REFUND', 96000, 0, '2022-07-20 15:13:58');
INSERT INTO point_history(user_id, deal_type, deal_amount, point, deal_date)
VALUES (24, 'CHARGE', 120000, 120000, '2022-07-12 22:31:49');
INSERT INTO point_history(user_id, deal_type, deal_amount, point, deal_date)
VALUES (24, 'USE', 75000, 45000, '2022-07-15 21:49:12');
INSERT INTO point_history(user_id, deal_type, deal_amount, point, deal_date)
VALUES (49, 'CHARGE', 100000, 100000, '2022-07-15 06:12:25');
INSERT INTO point_history(user_id, deal_type, deal_amount, point, deal_date)
VALUES (49, 'USE', 25000, 75000, '2022-07-16 09:37:48');
INSERT INTO point_history(user_id, deal_type, deal_amount, point, deal_date)
VALUES (49, 'USE', 45000, 30000, '2022-07-16 19:40:24');
INSERT INTO point_history(user_id, deal_type, deal_amount, point, deal_date)
VALUES (49, 'REFUND', 30000, 30000, '2022-07-28 08:12:30');
INSERT INTO point_history(user_id, deal_type, deal_amount, point, deal_date)
VALUES (13, 'CHARGE', 50000, 50000, '2022-07-12 05:12:59');
INSERT INTO point_history(user_id, deal_type, deal_amount, point, deal_date)
VALUES (13, 'USE', 36000, 14000, '2022-07-16 10:12:54');
INSERT INTO point_history(user_id, deal_type, deal_amount, point, deal_date)
VALUES (27, 'CHARGE', 1500000, 1500000, '2022-07-12 19:12:25');
INSERT INTO point_history(user_id, deal_type, deal_amount, point, deal_date)
VALUES (27, 'USE', 750000, 750000, '2022-07-16 11:05:10');
INSERT INTO point_history(user_id, deal_type, deal_amount, point, deal_date)
VALUES (27, 'CHARGE', 3500000, 4250000, '2022-07-17 12:14:39');
INSERT INTO point_history(user_id, deal_type, deal_amount, point, deal_date)
VALUES (39, 'CHARGE', 25000, 25000, '2022-07-14 00:23:40');
INSERT INTO point_history(user_id, deal_type, deal_amount, point, deal_date)
VALUES (39, 'USE', 5000, 20000, '2022-07-16 11:12:43');
INSERT INTO point_history(user_id, deal_type, deal_amount, point, deal_date)
VALUES (37, 'CHARGE', 100000, 100000, '2022-07-13 22:10:34');
INSERT INTO point_history(user_id, deal_type, deal_amount, point, deal_date)
VALUES (37, 'USE', 78000, 22000, '2022-07-16 12:01:49');
INSERT INTO point_history(user_id, deal_type, deal_amount, point, deal_date)
VALUES (37, 'USE', 17000, 5000, '2022-07-16 16:30:24');
INSERT INTO point_history(user_id, deal_type, deal_amount, point, deal_date)
VALUES (21, 'CHARGE', 65000, 65000, '2022-07-12 16:57:30');
INSERT INTO point_history(user_id, deal_type, deal_amount, point, deal_date)
VALUES (21, 'USE', 49000,  16000, '2022-07-16 12:37:42');
INSERT INTO point_history(user_id, deal_type, deal_amount, point, deal_date)
VALUES (21, 'CHARGE', 100000, 116000, '2022-07-16 13:10:38');
INSERT INTO point_history(user_id, deal_type, deal_amount, point, deal_date)
VALUES (18, 'CHARGE', 230000, 230000, '2022-07-13 15:03:24');
INSERT INTO point_history(user_id, deal_type, deal_amount, point, deal_date)
VALUES (18, 'USE', 132000, 98000, '2022-07-16 13:03:14');
INSERT INTO point_history(user_id, deal_type, deal_amount, point, deal_date)
VALUES (44, 'CHARGE', 530000, 530000, '2022-07-15 02:14:25');
INSERT INTO point_history(user_id, deal_type, deal_amount, point, deal_date)
VALUES (44, 'USE', 130000, 400000, '2022-07-16 13:42:50');
INSERT INTO point_history(user_id, deal_type, deal_amount, point, deal_date)
VALUES (14, 'CHARGE', 30000, 30000, '2022-07-12 05:14:26');
INSERT INTO point_history(user_id, deal_type, deal_amount, point, deal_date)
VALUES (14, 'USE', 20000, 10000, '2022-07-16 14:15:19');
INSERT INTO point_history(user_id, deal_type, deal_amount, point, deal_date)
VALUES (14, 'CHARGE', 150000, 160000, '2022-07-16 15:00:02');
INSERT INTO point_history(user_id, deal_type, deal_amount, point, deal_date)
VALUES (22, 'CHARGE', 380000, 380000, '2022-07-13 15:13:14');
INSERT INTO point_history(user_id, deal_type, deal_amount, point, deal_date)
VALUES (22, 'USE', 95000, 285000, '2022-07-16 15:03:09');
INSERT INTO point_history(user_id, deal_type, deal_amount, point, deal_date)
VALUES (35, 'CHARGE', 790000, 790000, '2022-07-13 18:00:15');
INSERT INTO point_history(user_id, deal_type, deal_amount, point, deal_date)
VALUES (35, 'USE', 230000, 560000, '2022-07-16 16:38:01');
INSERT INTO point_history(user_id, deal_type, deal_amount, point, deal_date)
VALUES (28, 'CHARGE', 60000, 60000, '2022-07-13 09:12:15');
INSERT INTO point_history(user_id, deal_type, deal_amount, point, deal_date)
VALUES (28, 'USE', 45000, 15000, '2022-07-16 18:41:12');
INSERT INTO point_history(user_id, deal_type, deal_amount, point, deal_date)
VALUES (28, 'USE', 10000, 5000, '2022-07-17 11:24:50');
INSERT INTO point_history(user_id, deal_type, deal_amount, point, deal_date)
VALUES (28, 'CHARGE', 100000, 105000, '2022-07-17 16:12:39');
INSERT INTO point_history(user_id, deal_type, deal_amount, point, deal_date)
VALUES (28, 'USE', 50000, 55000, '2022-07-19 16:31:40');
INSERT INTO point_history(user_id, deal_type, deal_amount, point, deal_date)
VALUES (33, 'CHARGE', 60000, 60000, '2022-07-14 13:00:14');
INSERT INTO point_history(user_id, deal_type, deal_amount, point, deal_date)
VALUES (33, 'USE', 48000, 12000, '2022-07-16 18:48:57');
INSERT INTO point_history(user_id, deal_type, deal_amount, point, deal_date)
VALUES (34, 'CHARGE', 25000, 25000, '2022-07-13 15:00:27');
INSERT INTO point_history(user_id, deal_type, deal_amount, point, deal_date)
VALUES (34, 'USE', 10000, 15000, '2022-07-16 20:49:20');
INSERT INTO point_history(user_id, deal_type, deal_amount, point, deal_date)
VALUES (34, 'CHARGE', 50000, 65000, '2022-07-16 22:14:58');
INSERT INTO point_history(user_id, deal_type, deal_amount, point, deal_date)
VALUES (26, 'CHARGE', 200000, 200000, '2022-07-14 18:02:38');
INSERT INTO point_history(user_id, deal_type, deal_amount, point, deal_date)
VALUES (26, 'CHARGE', 200000, 400000, '2022-07-16 18:13:39');
INSERT INTO point_history(user_id, deal_type, deal_amount, point, deal_date)
VALUES (26, 'USE', 340000, 60000, '2022-07-17 07:10:12');


-- 9. LikeArt
INSERT INTO like_art(user_id, art_id) VALUES (1, 1);
INSERT INTO like_art(user_id, art_id) VALUES (1, 8);
INSERT INTO like_art(user_id, art_id) VALUES (1, 11);
INSERT INTO like_art(user_id, art_id) VALUES (1, 18);
INSERT INTO like_art(user_id, art_id) VALUES (1, 19);
INSERT INTO like_art(user_id, art_id) VALUES (1, 27);
INSERT INTO like_art(user_id, art_id) VALUES (1, 28);
INSERT INTO like_art(user_id, art_id) VALUES (1, 33);
INSERT INTO like_art(user_id, art_id) VALUES (1, 40);
INSERT INTO like_art(user_id, art_id) VALUES (1, 42);
INSERT INTO like_art(user_id, art_id) VALUES (1, 53);
INSERT INTO like_art(user_id, art_id) VALUES (1, 57);
INSERT INTO like_art(user_id, art_id) VALUES (1, 60);
INSERT INTO like_art(user_id, art_id) VALUES (1, 63);
INSERT INTO like_art(user_id, art_id) VALUES (1, 71);
INSERT INTO like_art(user_id, art_id) VALUES (1, 93);

INSERT INTO like_art(user_id, art_id) VALUES (2, 7);
INSERT INTO like_art(user_id, art_id) VALUES (2, 10);
INSERT INTO like_art(user_id, art_id) VALUES (2, 15);
INSERT INTO like_art(user_id, art_id) VALUES (2, 19);
INSERT INTO like_art(user_id, art_id) VALUES (2, 23);
INSERT INTO like_art(user_id, art_id) VALUES (2, 29);
INSERT INTO like_art(user_id, art_id) VALUES (2, 32);
INSERT INTO like_art(user_id, art_id) VALUES (2, 33);
INSERT INTO like_art(user_id, art_id) VALUES (2, 36);
INSERT INTO like_art(user_id, art_id) VALUES (2, 37);
INSERT INTO like_art(user_id, art_id) VALUES (2, 41);
INSERT INTO like_art(user_id, art_id) VALUES (2, 42);
INSERT INTO like_art(user_id, art_id) VALUES (2, 43);
INSERT INTO like_art(user_id, art_id) VALUES (2, 51);
INSERT INTO like_art(user_id, art_id) VALUES (2, 55);
INSERT INTO like_art(user_id, art_id) VALUES (2, 58);
INSERT INTO like_art(user_id, art_id) VALUES (2, 59);
INSERT INTO like_art(user_id, art_id) VALUES (2, 60);
INSERT INTO like_art(user_id, art_id) VALUES (2, 62);
INSERT INTO like_art(user_id, art_id) VALUES (2, 63);
INSERT INTO like_art(user_id, art_id) VALUES (2, 64);
INSERT INTO like_art(user_id, art_id) VALUES (2, 65);
INSERT INTO like_art(user_id, art_id) VALUES (2, 74);
INSERT INTO like_art(user_id, art_id) VALUES (2, 78);
INSERT INTO like_art(user_id, art_id) VALUES (2, 84);
INSERT INTO like_art(user_id, art_id) VALUES (2, 87);
INSERT INTO like_art(user_id, art_id) VALUES (2, 88);
INSERT INTO like_art(user_id, art_id) VALUES (2, 90);
INSERT INTO like_art(user_id, art_id) VALUES (2, 91);

INSERT INTO like_art(user_id, art_id) VALUES (3, 3);
INSERT INTO like_art(user_id, art_id) VALUES (3, 5);
INSERT INTO like_art(user_id, art_id) VALUES (3, 9);
INSERT INTO like_art(user_id, art_id) VALUES (3, 13);
INSERT INTO like_art(user_id, art_id) VALUES (3, 16);
INSERT INTO like_art(user_id, art_id) VALUES (3, 19);
INSERT INTO like_art(user_id, art_id) VALUES (3, 30);
INSERT INTO like_art(user_id, art_id) VALUES (3, 46);
INSERT INTO like_art(user_id, art_id) VALUES (3, 47);
INSERT INTO like_art(user_id, art_id) VALUES (3, 61);
INSERT INTO like_art(user_id, art_id) VALUES (3, 63);
INSERT INTO like_art(user_id, art_id) VALUES (3, 66);
INSERT INTO like_art(user_id, art_id) VALUES (3, 68);
INSERT INTO like_art(user_id, art_id) VALUES (3, 76);
INSERT INTO like_art(user_id, art_id) VALUES (3, 78);
INSERT INTO like_art(user_id, art_id) VALUES (3, 82);
INSERT INTO like_art(user_id, art_id) VALUES (3, 83);
INSERT INTO like_art(user_id, art_id) VALUES (3, 85);
INSERT INTO like_art(user_id, art_id) VALUES (3, 87);
INSERT INTO like_art(user_id, art_id) VALUES (3, 88);
INSERT INTO like_art(user_id, art_id) VALUES (3, 90);
INSERT INTO like_art(user_id, art_id) VALUES (3, 92);
INSERT INTO like_art(user_id, art_id) VALUES (3, 95);

INSERT INTO like_art(user_id, art_id) VALUES (4, 10);
INSERT INTO like_art(user_id, art_id) VALUES (4, 14);
INSERT INTO like_art(user_id, art_id) VALUES (4, 28);
INSERT INTO like_art(user_id, art_id) VALUES (4, 31);
INSERT INTO like_art(user_id, art_id) VALUES (4, 33);
INSERT INTO like_art(user_id, art_id) VALUES (4, 34);
INSERT INTO like_art(user_id, art_id) VALUES (4, 38);
INSERT INTO like_art(user_id, art_id) VALUES (4, 46);
INSERT INTO like_art(user_id, art_id) VALUES (4, 49);
INSERT INTO like_art(user_id, art_id) VALUES (4, 53);
INSERT INTO like_art(user_id, art_id) VALUES (4, 60);
INSERT INTO like_art(user_id, art_id) VALUES (4, 64);
INSERT INTO like_art(user_id, art_id) VALUES (4, 68);
INSERT INTO like_art(user_id, art_id) VALUES (4, 70);
INSERT INTO like_art(user_id, art_id) VALUES (4, 72);
INSERT INTO like_art(user_id, art_id) VALUES (4, 88);

INSERT INTO like_art(user_id, art_id) VALUES (5, 6);
INSERT INTO like_art(user_id, art_id) VALUES (5, 24);
INSERT INTO like_art(user_id, art_id) VALUES (5, 26);

INSERT INTO like_art(user_id, art_id) VALUES (6, 16);
INSERT INTO like_art(user_id, art_id) VALUES (6, 24);
INSERT INTO like_art(user_id, art_id) VALUES (6, 26);
INSERT INTO like_art(user_id, art_id) VALUES (6, 33);
INSERT INTO like_art(user_id, art_id) VALUES (6, 35);
INSERT INTO like_art(user_id, art_id) VALUES (6, 44);
INSERT INTO like_art(user_id, art_id) VALUES (6, 51);
INSERT INTO like_art(user_id, art_id) VALUES (6, 53);
INSERT INTO like_art(user_id, art_id) VALUES (6, 56);
INSERT INTO like_art(user_id, art_id) VALUES (6, 70);
INSERT INTO like_art(user_id, art_id) VALUES (6, 72);
INSERT INTO like_art(user_id, art_id) VALUES (6, 81);
INSERT INTO like_art(user_id, art_id) VALUES (6, 89);

INSERT INTO like_art(user_id, art_id) VALUES (7, 1);
INSERT INTO like_art(user_id, art_id) VALUES (7, 3);
INSERT INTO like_art(user_id, art_id) VALUES (7, 7);
INSERT INTO like_art(user_id, art_id) VALUES (7, 15);
INSERT INTO like_art(user_id, art_id) VALUES (7, 26);
INSERT INTO like_art(user_id, art_id) VALUES (7, 43);
INSERT INTO like_art(user_id, art_id) VALUES (7, 50);
INSERT INTO like_art(user_id, art_id) VALUES (7, 52);
INSERT INTO like_art(user_id, art_id) VALUES (7, 62);
INSERT INTO like_art(user_id, art_id) VALUES (7, 68);
INSERT INTO like_art(user_id, art_id) VALUES (7, 69);
INSERT INTO like_art(user_id, art_id) VALUES (7, 71);
INSERT INTO like_art(user_id, art_id) VALUES (7, 82);
INSERT INTO like_art(user_id, art_id) VALUES (7, 93);

INSERT INTO like_art(user_id, art_id) VALUES (8, 6);
INSERT INTO like_art(user_id, art_id) VALUES (8, 7);
INSERT INTO like_art(user_id, art_id) VALUES (8, 10);
INSERT INTO like_art(user_id, art_id) VALUES (8, 14);
INSERT INTO like_art(user_id, art_id) VALUES (8, 16);
INSERT INTO like_art(user_id, art_id) VALUES (8, 17);
INSERT INTO like_art(user_id, art_id) VALUES (8, 22);
INSERT INTO like_art(user_id, art_id) VALUES (8, 28);
INSERT INTO like_art(user_id, art_id) VALUES (8, 30);
INSERT INTO like_art(user_id, art_id) VALUES (8, 35);
INSERT INTO like_art(user_id, art_id) VALUES (8, 36);
INSERT INTO like_art(user_id, art_id) VALUES (8, 37);
INSERT INTO like_art(user_id, art_id) VALUES (8, 40);
INSERT INTO like_art(user_id, art_id) VALUES (8, 44);
INSERT INTO like_art(user_id, art_id) VALUES (8, 48);
INSERT INTO like_art(user_id, art_id) VALUES (8, 54);
INSERT INTO like_art(user_id, art_id) VALUES (8, 56);
INSERT INTO like_art(user_id, art_id) VALUES (8, 71);
INSERT INTO like_art(user_id, art_id) VALUES (8, 84);
INSERT INTO like_art(user_id, art_id) VALUES (8, 87);

INSERT INTO like_art(user_id, art_id) VALUES (9, 1);
INSERT INTO like_art(user_id, art_id) VALUES (9, 2);
INSERT INTO like_art(user_id, art_id) VALUES (9, 3);
INSERT INTO like_art(user_id, art_id) VALUES (9, 7);
INSERT INTO like_art(user_id, art_id) VALUES (9, 12);
INSERT INTO like_art(user_id, art_id) VALUES (9, 13);
INSERT INTO like_art(user_id, art_id) VALUES (9, 14);
INSERT INTO like_art(user_id, art_id) VALUES (9, 17);
INSERT INTO like_art(user_id, art_id) VALUES (9, 19);
INSERT INTO like_art(user_id, art_id) VALUES (9, 20);
INSERT INTO like_art(user_id, art_id) VALUES (9, 23);
INSERT INTO like_art(user_id, art_id) VALUES (9, 25);
INSERT INTO like_art(user_id, art_id) VALUES (9, 27);
INSERT INTO like_art(user_id, art_id) VALUES (9, 28);
INSERT INTO like_art(user_id, art_id) VALUES (9, 36);
INSERT INTO like_art(user_id, art_id) VALUES (9, 41);
INSERT INTO like_art(user_id, art_id) VALUES (9, 49);
INSERT INTO like_art(user_id, art_id) VALUES (9, 58);
INSERT INTO like_art(user_id, art_id) VALUES (9, 70);
INSERT INTO like_art(user_id, art_id) VALUES (9, 72);
INSERT INTO like_art(user_id, art_id) VALUES (9, 73);
INSERT INTO like_art(user_id, art_id) VALUES (9, 80);
INSERT INTO like_art(user_id, art_id) VALUES (9, 83);
INSERT INTO like_art(user_id, art_id) VALUES (9, 84);
INSERT INTO like_art(user_id, art_id) VALUES (9, 86);

INSERT INTO like_art(user_id, art_id) VALUES (10, 5);
INSERT INTO like_art(user_id, art_id) VALUES (10, 7);
INSERT INTO like_art(user_id, art_id) VALUES (10, 8);
INSERT INTO like_art(user_id, art_id) VALUES (10, 9);
INSERT INTO like_art(user_id, art_id) VALUES (10, 17);
INSERT INTO like_art(user_id, art_id) VALUES (10, 19);
INSERT INTO like_art(user_id, art_id) VALUES (10, 25);
INSERT INTO like_art(user_id, art_id) VALUES (10, 27);
INSERT INTO like_art(user_id, art_id) VALUES (10, 28);
INSERT INTO like_art(user_id, art_id) VALUES (10, 30);
INSERT INTO like_art(user_id, art_id) VALUES (10, 32);
INSERT INTO like_art(user_id, art_id) VALUES (10, 33);
INSERT INTO like_art(user_id, art_id) VALUES (10, 37);
INSERT INTO like_art(user_id, art_id) VALUES (10, 38);
INSERT INTO like_art(user_id, art_id) VALUES (10, 41);
INSERT INTO like_art(user_id, art_id) VALUES (10, 50);
INSERT INTO like_art(user_id, art_id) VALUES (10, 53);
INSERT INTO like_art(user_id, art_id) VALUES (10, 56);
INSERT INTO like_art(user_id, art_id) VALUES (10, 61);
INSERT INTO like_art(user_id, art_id) VALUES (10, 64);
INSERT INTO like_art(user_id, art_id) VALUES (10, 67);
INSERT INTO like_art(user_id, art_id) VALUES (10, 73);
INSERT INTO like_art(user_id, art_id) VALUES (10, 79);
INSERT INTO like_art(user_id, art_id) VALUES (10, 83);
INSERT INTO like_art(user_id, art_id) VALUES (10, 87);
INSERT INTO like_art(user_id, art_id) VALUES (10, 89);
INSERT INTO like_art(user_id, art_id) VALUES (10, 94);
INSERT INTO like_art(user_id, art_id) VALUES (10, 95);

INSERT INTO like_art(user_id, art_id) VALUES (11, 20);
INSERT INTO like_art(user_id, art_id) VALUES (11, 25);
INSERT INTO like_art(user_id, art_id) VALUES (11, 55);
INSERT INTO like_art(user_id, art_id) VALUES (11, 89);

INSERT INTO like_art(user_id, art_id) VALUES (12, 2);
INSERT INTO like_art(user_id, art_id) VALUES (12, 13);
INSERT INTO like_art(user_id, art_id) VALUES (12, 18);
INSERT INTO like_art(user_id, art_id) VALUES (12, 19);
INSERT INTO like_art(user_id, art_id) VALUES (12, 20);
INSERT INTO like_art(user_id, art_id) VALUES (12, 24);
INSERT INTO like_art(user_id, art_id) VALUES (12, 37);
INSERT INTO like_art(user_id, art_id) VALUES (12, 43);
INSERT INTO like_art(user_id, art_id) VALUES (12, 45);
INSERT INTO like_art(user_id, art_id) VALUES (12, 60);
INSERT INTO like_art(user_id, art_id) VALUES (12, 61);
INSERT INTO like_art(user_id, art_id) VALUES (12, 66);
INSERT INTO like_art(user_id, art_id) VALUES (12, 75);
INSERT INTO like_art(user_id, art_id) VALUES (12, 85);
INSERT INTO like_art(user_id, art_id) VALUES (12, 89);
INSERT INTO like_art(user_id, art_id) VALUES (12, 91);

INSERT INTO like_art(user_id, art_id) VALUES (13, 1);
INSERT INTO like_art(user_id, art_id) VALUES (13, 4);
INSERT INTO like_art(user_id, art_id) VALUES (13, 10);
INSERT INTO like_art(user_id, art_id) VALUES (13, 11);
INSERT INTO like_art(user_id, art_id) VALUES (13, 18);
INSERT INTO like_art(user_id, art_id) VALUES (13, 20);
INSERT INTO like_art(user_id, art_id) VALUES (13, 24);
INSERT INTO like_art(user_id, art_id) VALUES (13, 27);
INSERT INTO like_art(user_id, art_id) VALUES (13, 28);
INSERT INTO like_art(user_id, art_id) VALUES (13, 30);
INSERT INTO like_art(user_id, art_id) VALUES (13, 32);
INSERT INTO like_art(user_id, art_id) VALUES (13, 33);
INSERT INTO like_art(user_id, art_id) VALUES (13, 36);
INSERT INTO like_art(user_id, art_id) VALUES (13, 42);
INSERT INTO like_art(user_id, art_id) VALUES (13, 43);
INSERT INTO like_art(user_id, art_id) VALUES (13, 45);
INSERT INTO like_art(user_id, art_id) VALUES (13, 48);
INSERT INTO like_art(user_id, art_id) VALUES (13, 63);
INSERT INTO like_art(user_id, art_id) VALUES (13, 64);
INSERT INTO like_art(user_id, art_id) VALUES (13, 66);
INSERT INTO like_art(user_id, art_id) VALUES (13, 69);
INSERT INTO like_art(user_id, art_id) VALUES (13, 72);
INSERT INTO like_art(user_id, art_id) VALUES (13, 80);
INSERT INTO like_art(user_id, art_id) VALUES (13, 82);
INSERT INTO like_art(user_id, art_id) VALUES (13, 84);
INSERT INTO like_art(user_id, art_id) VALUES (13, 86);
INSERT INTO like_art(user_id, art_id) VALUES (13, 87);

INSERT INTO like_art(user_id, art_id) VALUES (14, 15);
INSERT INTO like_art(user_id, art_id) VALUES (14, 31);
INSERT INTO like_art(user_id, art_id) VALUES (14, 36);
INSERT INTO like_art(user_id, art_id) VALUES (14, 43);
INSERT INTO like_art(user_id, art_id) VALUES (14, 53);
INSERT INTO like_art(user_id, art_id) VALUES (14, 61);
INSERT INTO like_art(user_id, art_id) VALUES (14, 63);
INSERT INTO like_art(user_id, art_id) VALUES (14, 73);

INSERT INTO like_art(user_id, art_id) VALUES (15, 19);
INSERT INTO like_art(user_id, art_id) VALUES (15, 38);
INSERT INTO like_art(user_id, art_id) VALUES (15, 87);

INSERT INTO like_art(user_id, art_id) VALUES (16, 2);
INSERT INTO like_art(user_id, art_id) VALUES (16, 4);
INSERT INTO like_art(user_id, art_id) VALUES (16, 8);
INSERT INTO like_art(user_id, art_id) VALUES (16, 14);
INSERT INTO like_art(user_id, art_id) VALUES (16, 19);
INSERT INTO like_art(user_id, art_id) VALUES (16, 21);
INSERT INTO like_art(user_id, art_id) VALUES (16, 22);
INSERT INTO like_art(user_id, art_id) VALUES (16, 24);
INSERT INTO like_art(user_id, art_id) VALUES (16, 27);
INSERT INTO like_art(user_id, art_id) VALUES (16, 28);
INSERT INTO like_art(user_id, art_id) VALUES (16, 29);
INSERT INTO like_art(user_id, art_id) VALUES (16, 32);
INSERT INTO like_art(user_id, art_id) VALUES (16, 33);
INSERT INTO like_art(user_id, art_id) VALUES (16, 35);
INSERT INTO like_art(user_id, art_id) VALUES (16, 41);
INSERT INTO like_art(user_id, art_id) VALUES (16, 52);
INSERT INTO like_art(user_id, art_id) VALUES (16, 53);
INSERT INTO like_art(user_id, art_id) VALUES (16, 54);
INSERT INTO like_art(user_id, art_id) VALUES (16, 60);
INSERT INTO like_art(user_id, art_id) VALUES (16, 62);
INSERT INTO like_art(user_id, art_id) VALUES (16, 63);
INSERT INTO like_art(user_id, art_id) VALUES (16, 68);
INSERT INTO like_art(user_id, art_id) VALUES (16, 73);
INSERT INTO like_art(user_id, art_id) VALUES (16, 78);
INSERT INTO like_art(user_id, art_id) VALUES (16, 83);
INSERT INTO like_art(user_id, art_id) VALUES (16, 93);

INSERT INTO like_art(user_id, art_id) VALUES (17, 51);
INSERT INTO like_art(user_id, art_id) VALUES (17, 83);

INSERT INTO like_art(user_id, art_id) VALUES (18, 4);
INSERT INTO like_art(user_id, art_id) VALUES (18, 23);
INSERT INTO like_art(user_id, art_id) VALUES (18, 25);
INSERT INTO like_art(user_id, art_id) VALUES (18, 26);
INSERT INTO like_art(user_id, art_id) VALUES (18, 28);
INSERT INTO like_art(user_id, art_id) VALUES (18, 33);
INSERT INTO like_art(user_id, art_id) VALUES (18, 43);
INSERT INTO like_art(user_id, art_id) VALUES (18, 45);
INSERT INTO like_art(user_id, art_id) VALUES (18, 46);
INSERT INTO like_art(user_id, art_id) VALUES (18, 49);
INSERT INTO like_art(user_id, art_id) VALUES (18, 59);
INSERT INTO like_art(user_id, art_id) VALUES (18, 73);
INSERT INTO like_art(user_id, art_id) VALUES (18, 77);
INSERT INTO like_art(user_id, art_id) VALUES (18, 78);
INSERT INTO like_art(user_id, art_id) VALUES (18, 79);
INSERT INTO like_art(user_id, art_id) VALUES (18, 87);
INSERT INTO like_art(user_id, art_id) VALUES (18, 89);
INSERT INTO like_art(user_id, art_id) VALUES (18, 93);

INSERT INTO like_art(user_id, art_id) VALUES (19, 1);
INSERT INTO like_art(user_id, art_id) VALUES (19, 2);
INSERT INTO like_art(user_id, art_id) VALUES (19, 4);
INSERT INTO like_art(user_id, art_id) VALUES (19, 5);
INSERT INTO like_art(user_id, art_id) VALUES (19, 11);
INSERT INTO like_art(user_id, art_id) VALUES (19, 14);
INSERT INTO like_art(user_id, art_id) VALUES (19, 18);
INSERT INTO like_art(user_id, art_id) VALUES (19, 23);
INSERT INTO like_art(user_id, art_id) VALUES (19, 25);
INSERT INTO like_art(user_id, art_id) VALUES (19, 32);
INSERT INTO like_art(user_id, art_id) VALUES (19, 33);
INSERT INTO like_art(user_id, art_id) VALUES (19, 35);
INSERT INTO like_art(user_id, art_id) VALUES (19, 44);
INSERT INTO like_art(user_id, art_id) VALUES (19, 47);
INSERT INTO like_art(user_id, art_id) VALUES (19, 49);
INSERT INTO like_art(user_id, art_id) VALUES (19, 50);
INSERT INTO like_art(user_id, art_id) VALUES (19, 60);
INSERT INTO like_art(user_id, art_id) VALUES (19, 71);
INSERT INTO like_art(user_id, art_id) VALUES (19, 72);
INSERT INTO like_art(user_id, art_id) VALUES (19, 86);
INSERT INTO like_art(user_id, art_id) VALUES (19, 94);
INSERT INTO like_art(user_id, art_id) VALUES (19, 95);

INSERT INTO like_art(user_id, art_id) VALUES (20, 3);
INSERT INTO like_art(user_id, art_id) VALUES (20, 7);
INSERT INTO like_art(user_id, art_id) VALUES (20, 18);
INSERT INTO like_art(user_id, art_id) VALUES (20, 19);
INSERT INTO like_art(user_id, art_id) VALUES (20, 20);
INSERT INTO like_art(user_id, art_id) VALUES (20, 34);
INSERT INTO like_art(user_id, art_id) VALUES (20, 37);
INSERT INTO like_art(user_id, art_id) VALUES (20, 40);
INSERT INTO like_art(user_id, art_id) VALUES (20, 41);
INSERT INTO like_art(user_id, art_id) VALUES (20, 42);
INSERT INTO like_art(user_id, art_id) VALUES (20, 49);
INSERT INTO like_art(user_id, art_id) VALUES (20, 50);
INSERT INTO like_art(user_id, art_id) VALUES (20, 51);
INSERT INTO like_art(user_id, art_id) VALUES (20, 58);
INSERT INTO like_art(user_id, art_id) VALUES (20, 60);
INSERT INTO like_art(user_id, art_id) VALUES (20, 66);
INSERT INTO like_art(user_id, art_id) VALUES (20, 67);
INSERT INTO like_art(user_id, art_id) VALUES (20, 74);
INSERT INTO like_art(user_id, art_id) VALUES (20, 75);
INSERT INTO like_art(user_id, art_id) VALUES (20, 80);
INSERT INTO like_art(user_id, art_id) VALUES (20, 81);
INSERT INTO like_art(user_id, art_id) VALUES (20, 83);
INSERT INTO like_art(user_id, art_id) VALUES (20, 84);
INSERT INTO like_art(user_id, art_id) VALUES (20, 89);
INSERT INTO like_art(user_id, art_id) VALUES (20, 91);
INSERT INTO like_art(user_id, art_id) VALUES (20, 92);
INSERT INTO like_art(user_id, art_id) VALUES (20, 95);

INSERT INTO like_art(user_id, art_id) VALUES (21, 1);
INSERT INTO like_art(user_id, art_id) VALUES (21, 2);
INSERT INTO like_art(user_id, art_id) VALUES (21, 9);
INSERT INTO like_art(user_id, art_id) VALUES (21, 11);
INSERT INTO like_art(user_id, art_id) VALUES (21, 13);
INSERT INTO like_art(user_id, art_id) VALUES (21, 15);
INSERT INTO like_art(user_id, art_id) VALUES (21, 16);
INSERT INTO like_art(user_id, art_id) VALUES (21, 28);
INSERT INTO like_art(user_id, art_id) VALUES (21, 30);
INSERT INTO like_art(user_id, art_id) VALUES (21, 37);
INSERT INTO like_art(user_id, art_id) VALUES (21, 39);
INSERT INTO like_art(user_id, art_id) VALUES (21, 40);
INSERT INTO like_art(user_id, art_id) VALUES (21, 44);
INSERT INTO like_art(user_id, art_id) VALUES (21, 53);
INSERT INTO like_art(user_id, art_id) VALUES (21, 54);
INSERT INTO like_art(user_id, art_id) VALUES (21, 55);
INSERT INTO like_art(user_id, art_id) VALUES (21, 57);
INSERT INTO like_art(user_id, art_id) VALUES (21, 58);
INSERT INTO like_art(user_id, art_id) VALUES (21, 60);
INSERT INTO like_art(user_id, art_id) VALUES (21, 63);
INSERT INTO like_art(user_id, art_id) VALUES (21, 73);
INSERT INTO like_art(user_id, art_id) VALUES (21, 74);
INSERT INTO like_art(user_id, art_id) VALUES (21, 84);
INSERT INTO like_art(user_id, art_id) VALUES (21, 88);

INSERT INTO like_art(user_id, art_id) VALUES (22, 17);
INSERT INTO like_art(user_id, art_id) VALUES (22, 25);
INSERT INTO like_art(user_id, art_id) VALUES (22, 32);
INSERT INTO like_art(user_id, art_id) VALUES (22, 39);
INSERT INTO like_art(user_id, art_id) VALUES (22, 41);
INSERT INTO like_art(user_id, art_id) VALUES (22, 71);
INSERT INTO like_art(user_id, art_id) VALUES (22, 79);
INSERT INTO like_art(user_id, art_id) VALUES (22, 93);
INSERT INTO like_art(user_id, art_id) VALUES (22, 94);

INSERT INTO like_art(user_id, art_id) VALUES (23, 2);
INSERT INTO like_art(user_id, art_id) VALUES (23, 13);
INSERT INTO like_art(user_id, art_id) VALUES (23, 22);
INSERT INTO like_art(user_id, art_id) VALUES (23, 37);
INSERT INTO like_art(user_id, art_id) VALUES (23, 42);
INSERT INTO like_art(user_id, art_id) VALUES (23, 65);
INSERT INTO like_art(user_id, art_id) VALUES (23, 74);
INSERT INTO like_art(user_id, art_id) VALUES (23, 77);
INSERT INTO like_art(user_id, art_id) VALUES (23, 80);
INSERT INTO like_art(user_id, art_id) VALUES (23, 82);
INSERT INTO like_art(user_id, art_id) VALUES (23, 94);

INSERT INTO like_art(user_id, art_id) VALUES (24, 2);
INSERT INTO like_art(user_id, art_id) VALUES (24, 8);
INSERT INTO like_art(user_id, art_id) VALUES (24, 35);
INSERT INTO like_art(user_id, art_id) VALUES (24, 39);
INSERT INTO like_art(user_id, art_id) VALUES (24, 44);
INSERT INTO like_art(user_id, art_id) VALUES (24, 46);
INSERT INTO like_art(user_id, art_id) VALUES (24, 50);
INSERT INTO like_art(user_id, art_id) VALUES (24, 54);
INSERT INTO like_art(user_id, art_id) VALUES (24, 77);
INSERT INTO like_art(user_id, art_id) VALUES (24, 86);
INSERT INTO like_art(user_id, art_id) VALUES (24, 88);
INSERT INTO like_art(user_id, art_id) VALUES (24, 93);

INSERT INTO like_art(user_id, art_id) VALUES (25, 3);
INSERT INTO like_art(user_id, art_id) VALUES (25, 34);
INSERT INTO like_art(user_id, art_id) VALUES (25, 46);
INSERT INTO like_art(user_id, art_id) VALUES (25, 59);
INSERT INTO like_art(user_id, art_id) VALUES (25, 60);
INSERT INTO like_art(user_id, art_id) VALUES (25, 65);
INSERT INTO like_art(user_id, art_id) VALUES (25, 70);

INSERT INTO like_art(user_id, art_id) VALUES (26, 2);
INSERT INTO like_art(user_id, art_id) VALUES (26, 6);
INSERT INTO like_art(user_id, art_id) VALUES (26, 14);
INSERT INTO like_art(user_id, art_id) VALUES (26, 23);
INSERT INTO like_art(user_id, art_id) VALUES (26, 31);
INSERT INTO like_art(user_id, art_id) VALUES (26, 34);
INSERT INTO like_art(user_id, art_id) VALUES (26, 38);
INSERT INTO like_art(user_id, art_id) VALUES (26, 44);
INSERT INTO like_art(user_id, art_id) VALUES (26, 46);
INSERT INTO like_art(user_id, art_id) VALUES (26, 54);
INSERT INTO like_art(user_id, art_id) VALUES (26, 62);
INSERT INTO like_art(user_id, art_id) VALUES (26, 67);
INSERT INTO like_art(user_id, art_id) VALUES (26, 72);
INSERT INTO like_art(user_id, art_id) VALUES (26, 73);
INSERT INTO like_art(user_id, art_id) VALUES (26, 80);
INSERT INTO like_art(user_id, art_id) VALUES (26, 82);
INSERT INTO like_art(user_id, art_id) VALUES (26, 85);
INSERT INTO like_art(user_id, art_id) VALUES (26, 88);
INSERT INTO like_art(user_id, art_id) VALUES (26, 92);

INSERT INTO like_art(user_id, art_id) VALUES (27, 11);
INSERT INTO like_art(user_id, art_id) VALUES (27, 18);
INSERT INTO like_art(user_id, art_id) VALUES (27, 19);
INSERT INTO like_art(user_id, art_id) VALUES (27, 20);
INSERT INTO like_art(user_id, art_id) VALUES (27, 24);
INSERT INTO like_art(user_id, art_id) VALUES (27, 26);
INSERT INTO like_art(user_id, art_id) VALUES (27, 27);
INSERT INTO like_art(user_id, art_id) VALUES (27, 33);
INSERT INTO like_art(user_id, art_id) VALUES (27, 34);
INSERT INTO like_art(user_id, art_id) VALUES (27, 36);
INSERT INTO like_art(user_id, art_id) VALUES (27, 43);
INSERT INTO like_art(user_id, art_id) VALUES (27, 48);
INSERT INTO like_art(user_id, art_id) VALUES (27, 55);
INSERT INTO like_art(user_id, art_id) VALUES (27, 58);
INSERT INTO like_art(user_id, art_id) VALUES (27, 62);
INSERT INTO like_art(user_id, art_id) VALUES (27, 63);
INSERT INTO like_art(user_id, art_id) VALUES (27, 68);
INSERT INTO like_art(user_id, art_id) VALUES (27, 69);
INSERT INTO like_art(user_id, art_id) VALUES (27, 71);
INSERT INTO like_art(user_id, art_id) VALUES (27, 76);
INSERT INTO like_art(user_id, art_id) VALUES (27, 80);
INSERT INTO like_art(user_id, art_id) VALUES (27, 82);
INSERT INTO like_art(user_id, art_id) VALUES (27, 93);

INSERT INTO like_art(user_id, art_id) VALUES (28, 1);
INSERT INTO like_art(user_id, art_id) VALUES (28, 5);
INSERT INTO like_art(user_id, art_id) VALUES (28, 7);
INSERT INTO like_art(user_id, art_id) VALUES (28, 10);
INSERT INTO like_art(user_id, art_id) VALUES (28, 18);
INSERT INTO like_art(user_id, art_id) VALUES (28, 34);
INSERT INTO like_art(user_id, art_id) VALUES (28, 37);
INSERT INTO like_art(user_id, art_id) VALUES (28, 40);
INSERT INTO like_art(user_id, art_id) VALUES (28, 45);
INSERT INTO like_art(user_id, art_id) VALUES (28, 52);
INSERT INTO like_art(user_id, art_id) VALUES (28, 54);
INSERT INTO like_art(user_id, art_id) VALUES (28, 57);
INSERT INTO like_art(user_id, art_id) VALUES (28, 59);
INSERT INTO like_art(user_id, art_id) VALUES (28, 63);
INSERT INTO like_art(user_id, art_id) VALUES (28, 66);
INSERT INTO like_art(user_id, art_id) VALUES (28, 69);
INSERT INTO like_art(user_id, art_id) VALUES (28, 70);
INSERT INTO like_art(user_id, art_id) VALUES (28, 88);
INSERT INTO like_art(user_id, art_id) VALUES (28, 90);

INSERT INTO like_art(user_id, art_id) VALUES (29, 2);
INSERT INTO like_art(user_id, art_id) VALUES (29, 6);
INSERT INTO like_art(user_id, art_id) VALUES (29, 10);
INSERT INTO like_art(user_id, art_id) VALUES (29, 12);
INSERT INTO like_art(user_id, art_id) VALUES (29, 22);
INSERT INTO like_art(user_id, art_id) VALUES (29, 24);
INSERT INTO like_art(user_id, art_id) VALUES (29, 34);
INSERT INTO like_art(user_id, art_id) VALUES (29, 51);
INSERT INTO like_art(user_id, art_id) VALUES (29, 52);
INSERT INTO like_art(user_id, art_id) VALUES (29, 61);
INSERT INTO like_art(user_id, art_id) VALUES (29, 69);
INSERT INTO like_art(user_id, art_id) VALUES (29, 72);
INSERT INTO like_art(user_id, art_id) VALUES (29, 73);

INSERT INTO like_art(user_id, art_id) VALUES (30, 1);
INSERT INTO like_art(user_id, art_id) VALUES (30, 5);
INSERT INTO like_art(user_id, art_id) VALUES (30, 10);
INSERT INTO like_art(user_id, art_id) VALUES (30, 17);
INSERT INTO like_art(user_id, art_id) VALUES (30, 18);
INSERT INTO like_art(user_id, art_id) VALUES (30, 26);
INSERT INTO like_art(user_id, art_id) VALUES (30, 43);
INSERT INTO like_art(user_id, art_id) VALUES (30, 46);
INSERT INTO like_art(user_id, art_id) VALUES (30, 53);
INSERT INTO like_art(user_id, art_id) VALUES (30, 57);
INSERT INTO like_art(user_id, art_id) VALUES (30, 69);
INSERT INTO like_art(user_id, art_id) VALUES (30, 77);
INSERT INTO like_art(user_id, art_id) VALUES (30, 85);
INSERT INTO like_art(user_id, art_id) VALUES (30, 95);

INSERT INTO like_art(user_id, art_id) VALUES (31, 2);
INSERT INTO like_art(user_id, art_id) VALUES (31, 18);
INSERT INTO like_art(user_id, art_id) VALUES (31, 21);
INSERT INTO like_art(user_id, art_id) VALUES (31, 23);
INSERT INTO like_art(user_id, art_id) VALUES (31, 27);
INSERT INTO like_art(user_id, art_id) VALUES (31, 45);
INSERT INTO like_art(user_id, art_id) VALUES (31, 61);
INSERT INTO like_art(user_id, art_id) VALUES (31, 64);
INSERT INTO like_art(user_id, art_id) VALUES (31, 66);
INSERT INTO like_art(user_id, art_id) VALUES (31, 72);
INSERT INTO like_art(user_id, art_id) VALUES (31, 73);
INSERT INTO like_art(user_id, art_id) VALUES (31, 80);
INSERT INTO like_art(user_id, art_id) VALUES (31, 82);
INSERT INTO like_art(user_id, art_id) VALUES (31, 95);

INSERT INTO like_art(user_id, art_id) VALUES (32, 5);
INSERT INTO like_art(user_id, art_id) VALUES (32, 8);
INSERT INTO like_art(user_id, art_id) VALUES (32, 9);
INSERT INTO like_art(user_id, art_id) VALUES (32, 17);
INSERT INTO like_art(user_id, art_id) VALUES (32, 19);
INSERT INTO like_art(user_id, art_id) VALUES (32, 20);
INSERT INTO like_art(user_id, art_id) VALUES (32, 24);
INSERT INTO like_art(user_id, art_id) VALUES (32, 29);
INSERT INTO like_art(user_id, art_id) VALUES (32, 31);
INSERT INTO like_art(user_id, art_id) VALUES (32, 33);
INSERT INTO like_art(user_id, art_id) VALUES (32, 34);
INSERT INTO like_art(user_id, art_id) VALUES (32, 35);
INSERT INTO like_art(user_id, art_id) VALUES (32, 41);
INSERT INTO like_art(user_id, art_id) VALUES (32, 52);
INSERT INTO like_art(user_id, art_id) VALUES (32, 54);
INSERT INTO like_art(user_id, art_id) VALUES (32, 56);
INSERT INTO like_art(user_id, art_id) VALUES (32, 67);
INSERT INTO like_art(user_id, art_id) VALUES (32, 68);
INSERT INTO like_art(user_id, art_id) VALUES (32, 70);
INSERT INTO like_art(user_id, art_id) VALUES (32, 72);
INSERT INTO like_art(user_id, art_id) VALUES (32, 75);
INSERT INTO like_art(user_id, art_id) VALUES (32, 79);
INSERT INTO like_art(user_id, art_id) VALUES (32, 83);
INSERT INTO like_art(user_id, art_id) VALUES (32, 90);
INSERT INTO like_art(user_id, art_id) VALUES (32, 91);
INSERT INTO like_art(user_id, art_id) VALUES (32, 92);

INSERT INTO like_art(user_id, art_id) VALUES (33, 24);
INSERT INTO like_art(user_id, art_id) VALUES (33, 37);
INSERT INTO like_art(user_id, art_id) VALUES (33, 53);

INSERT INTO like_art(user_id, art_id) VALUES (34, 2);
INSERT INTO like_art(user_id, art_id) VALUES (34, 6);
INSERT INTO like_art(user_id, art_id) VALUES (34, 8);
INSERT INTO like_art(user_id, art_id) VALUES (34, 19);
INSERT INTO like_art(user_id, art_id) VALUES (34, 28);
INSERT INTO like_art(user_id, art_id) VALUES (34, 29);
INSERT INTO like_art(user_id, art_id) VALUES (34, 31);
INSERT INTO like_art(user_id, art_id) VALUES (34, 35);
INSERT INTO like_art(user_id, art_id) VALUES (34, 37);
INSERT INTO like_art(user_id, art_id) VALUES (34, 43);
INSERT INTO like_art(user_id, art_id) VALUES (34, 58);
INSERT INTO like_art(user_id, art_id) VALUES (34, 61);
INSERT INTO like_art(user_id, art_id) VALUES (34, 73);
INSERT INTO like_art(user_id, art_id) VALUES (34, 78);
INSERT INTO like_art(user_id, art_id) VALUES (34, 83);
INSERT INTO like_art(user_id, art_id) VALUES (34, 93);

INSERT INTO like_art(user_id, art_id) VALUES (35, 1);
INSERT INTO like_art(user_id, art_id) VALUES (35, 3);
INSERT INTO like_art(user_id, art_id) VALUES (35, 4);
INSERT INTO like_art(user_id, art_id) VALUES (35, 5);
INSERT INTO like_art(user_id, art_id) VALUES (35, 6);
INSERT INTO like_art(user_id, art_id) VALUES (35, 14);
INSERT INTO like_art(user_id, art_id) VALUES (35, 17);
INSERT INTO like_art(user_id, art_id) VALUES (35, 26);
INSERT INTO like_art(user_id, art_id) VALUES (35, 30);
INSERT INTO like_art(user_id, art_id) VALUES (35, 32);
INSERT INTO like_art(user_id, art_id) VALUES (35, 35);
INSERT INTO like_art(user_id, art_id) VALUES (35, 42);
INSERT INTO like_art(user_id, art_id) VALUES (35, 44);
INSERT INTO like_art(user_id, art_id) VALUES (35, 49);
INSERT INTO like_art(user_id, art_id) VALUES (35, 59);
INSERT INTO like_art(user_id, art_id) VALUES (35, 65);
INSERT INTO like_art(user_id, art_id) VALUES (35, 66);
INSERT INTO like_art(user_id, art_id) VALUES (35, 69);
INSERT INTO like_art(user_id, art_id) VALUES (35, 71);
INSERT INTO like_art(user_id, art_id) VALUES (35, 77);
INSERT INTO like_art(user_id, art_id) VALUES (35, 79);
INSERT INTO like_art(user_id, art_id) VALUES (35, 81);
INSERT INTO like_art(user_id, art_id) VALUES (35, 84);
INSERT INTO like_art(user_id, art_id) VALUES (35, 90);

INSERT INTO like_art(user_id, art_id) VALUES (36, 1);
INSERT INTO like_art(user_id, art_id) VALUES (36, 4);
INSERT INTO like_art(user_id, art_id) VALUES (36, 6);
INSERT INTO like_art(user_id, art_id) VALUES (36, 11);
INSERT INTO like_art(user_id, art_id) VALUES (36, 12);
INSERT INTO like_art(user_id, art_id) VALUES (36, 16);
INSERT INTO like_art(user_id, art_id) VALUES (36, 18);
INSERT INTO like_art(user_id, art_id) VALUES (36, 22);
INSERT INTO like_art(user_id, art_id) VALUES (36, 23);
INSERT INTO like_art(user_id, art_id) VALUES (36, 28);
INSERT INTO like_art(user_id, art_id) VALUES (36, 35);
INSERT INTO like_art(user_id, art_id) VALUES (36, 46);
INSERT INTO like_art(user_id, art_id) VALUES (36, 55);
INSERT INTO like_art(user_id, art_id) VALUES (36, 56);
INSERT INTO like_art(user_id, art_id) VALUES (36, 60);
INSERT INTO like_art(user_id, art_id) VALUES (36, 63);
INSERT INTO like_art(user_id, art_id) VALUES (36, 66);
INSERT INTO like_art(user_id, art_id) VALUES (36, 70);
INSERT INTO like_art(user_id, art_id) VALUES (36, 80);
INSERT INTO like_art(user_id, art_id) VALUES (36, 81);
INSERT INTO like_art(user_id, art_id) VALUES (36, 92);
INSERT INTO like_art(user_id, art_id) VALUES (36, 93);

INSERT INTO like_art(user_id, art_id) VALUES (37, 61);

INSERT INTO like_art(user_id, art_id) VALUES (38, 2);
INSERT INTO like_art(user_id, art_id) VALUES (38, 15);
INSERT INTO like_art(user_id, art_id) VALUES (38, 41);
INSERT INTO like_art(user_id, art_id) VALUES (38, 49);
INSERT INTO like_art(user_id, art_id) VALUES (38, 56);
INSERT INTO like_art(user_id, art_id) VALUES (38, 58);
INSERT INTO like_art(user_id, art_id) VALUES (38, 66);
INSERT INTO like_art(user_id, art_id) VALUES (38, 80);

INSERT INTO like_art(user_id, art_id) VALUES (39, 1);
INSERT INTO like_art(user_id, art_id) VALUES (39, 2);
INSERT INTO like_art(user_id, art_id) VALUES (39, 8);
INSERT INTO like_art(user_id, art_id) VALUES (39, 10);
INSERT INTO like_art(user_id, art_id) VALUES (39, 12);
INSERT INTO like_art(user_id, art_id) VALUES (39, 15);
INSERT INTO like_art(user_id, art_id) VALUES (39, 17);
INSERT INTO like_art(user_id, art_id) VALUES (39, 18);
INSERT INTO like_art(user_id, art_id) VALUES (39, 20);
INSERT INTO like_art(user_id, art_id) VALUES (39, 21);
INSERT INTO like_art(user_id, art_id) VALUES (39, 29);
INSERT INTO like_art(user_id, art_id) VALUES (39, 31);
INSERT INTO like_art(user_id, art_id) VALUES (39, 32);
INSERT INTO like_art(user_id, art_id) VALUES (39, 33);
INSERT INTO like_art(user_id, art_id) VALUES (39, 40);
INSERT INTO like_art(user_id, art_id) VALUES (39, 47);
INSERT INTO like_art(user_id, art_id) VALUES (39, 49);
INSERT INTO like_art(user_id, art_id) VALUES (39, 50);
INSERT INTO like_art(user_id, art_id) VALUES (39, 52);
INSERT INTO like_art(user_id, art_id) VALUES (39, 54);
INSERT INTO like_art(user_id, art_id) VALUES (39, 64);
INSERT INTO like_art(user_id, art_id) VALUES (39, 67);
INSERT INTO like_art(user_id, art_id) VALUES (39, 68);
INSERT INTO like_art(user_id, art_id) VALUES (39, 69);

INSERT INTO like_art(user_id, art_id) VALUES (40, 2);
INSERT INTO like_art(user_id, art_id) VALUES (40, 4);
INSERT INTO like_art(user_id, art_id) VALUES (40, 5);
INSERT INTO like_art(user_id, art_id) VALUES (40, 15);
INSERT INTO like_art(user_id, art_id) VALUES (40, 17);
INSERT INTO like_art(user_id, art_id) VALUES (40, 19);
INSERT INTO like_art(user_id, art_id) VALUES (40, 23);
INSERT INTO like_art(user_id, art_id) VALUES (40, 26);
INSERT INTO like_art(user_id, art_id) VALUES (40, 27);
INSERT INTO like_art(user_id, art_id) VALUES (40, 42);
INSERT INTO like_art(user_id, art_id) VALUES (40, 50);
INSERT INTO like_art(user_id, art_id) VALUES (40, 52);
INSERT INTO like_art(user_id, art_id) VALUES (40, 55);
INSERT INTO like_art(user_id, art_id) VALUES (40, 63);
INSERT INTO like_art(user_id, art_id) VALUES (40, 64);
INSERT INTO like_art(user_id, art_id) VALUES (40, 66);
INSERT INTO like_art(user_id, art_id) VALUES (40, 68);
INSERT INTO like_art(user_id, art_id) VALUES (40, 78);
INSERT INTO like_art(user_id, art_id) VALUES (40, 79);
INSERT INTO like_art(user_id, art_id) VALUES (40, 81);
INSERT INTO like_art(user_id, art_id) VALUES (40, 89);
INSERT INTO like_art(user_id, art_id) VALUES (40, 90);
INSERT INTO like_art(user_id, art_id) VALUES (40, 91);
INSERT INTO like_art(user_id, art_id) VALUES (40, 93);
INSERT INTO like_art(user_id, art_id) VALUES (40, 94);

INSERT INTO like_art(user_id, art_id) VALUES (41, 3);
INSERT INTO like_art(user_id, art_id) VALUES (41, 15);
INSERT INTO like_art(user_id, art_id) VALUES (41, 17);
INSERT INTO like_art(user_id, art_id) VALUES (41, 26);
INSERT INTO like_art(user_id, art_id) VALUES (41, 28);
INSERT INTO like_art(user_id, art_id) VALUES (41, 31);
INSERT INTO like_art(user_id, art_id) VALUES (41, 44);
INSERT INTO like_art(user_id, art_id) VALUES (41, 49);
INSERT INTO like_art(user_id, art_id) VALUES (41, 54);
INSERT INTO like_art(user_id, art_id) VALUES (41, 55);
INSERT INTO like_art(user_id, art_id) VALUES (41, 63);
INSERT INTO like_art(user_id, art_id) VALUES (41, 70);
INSERT INTO like_art(user_id, art_id) VALUES (41, 74);
INSERT INTO like_art(user_id, art_id) VALUES (41, 76);
INSERT INTO like_art(user_id, art_id) VALUES (41, 77);
INSERT INTO like_art(user_id, art_id) VALUES (41, 85);
INSERT INTO like_art(user_id, art_id) VALUES (41, 88);
INSERT INTO like_art(user_id, art_id) VALUES (41, 94);

INSERT INTO like_art(user_id, art_id) VALUES (42, 23);
INSERT INTO like_art(user_id, art_id) VALUES (42, 34);
INSERT INTO like_art(user_id, art_id) VALUES (42, 42);
INSERT INTO like_art(user_id, art_id) VALUES (42, 46);
INSERT INTO like_art(user_id, art_id) VALUES (42, 63);
INSERT INTO like_art(user_id, art_id) VALUES (42, 67);
INSERT INTO like_art(user_id, art_id) VALUES (42, 68);
INSERT INTO like_art(user_id, art_id) VALUES (42, 71);
INSERT INTO like_art(user_id, art_id) VALUES (42, 86);
INSERT INTO like_art(user_id, art_id) VALUES (42, 90);
INSERT INTO like_art(user_id, art_id) VALUES (42, 91);

INSERT INTO like_art(user_id, art_id) VALUES (43, 4);
INSERT INTO like_art(user_id, art_id) VALUES (43, 6);
INSERT INTO like_art(user_id, art_id) VALUES (43, 9);
INSERT INTO like_art(user_id, art_id) VALUES (43, 15);
INSERT INTO like_art(user_id, art_id) VALUES (43, 22);
INSERT INTO like_art(user_id, art_id) VALUES (43, 29);
INSERT INTO like_art(user_id, art_id) VALUES (43, 38);
INSERT INTO like_art(user_id, art_id) VALUES (43, 42);
INSERT INTO like_art(user_id, art_id) VALUES (43, 45);
INSERT INTO like_art(user_id, art_id) VALUES (43, 48);
INSERT INTO like_art(user_id, art_id) VALUES (43, 49);
INSERT INTO like_art(user_id, art_id) VALUES (43, 53);
INSERT INTO like_art(user_id, art_id) VALUES (43, 54);
INSERT INTO like_art(user_id, art_id) VALUES (43, 61);
INSERT INTO like_art(user_id, art_id) VALUES (43, 65);
INSERT INTO like_art(user_id, art_id) VALUES (43, 73);
INSERT INTO like_art(user_id, art_id) VALUES (43, 77);
INSERT INTO like_art(user_id, art_id) VALUES (43, 83);
INSERT INTO like_art(user_id, art_id) VALUES (43, 85);
INSERT INTO like_art(user_id, art_id) VALUES (43, 86);
INSERT INTO like_art(user_id, art_id) VALUES (43, 88);
INSERT INTO like_art(user_id, art_id) VALUES (43, 91);
INSERT INTO like_art(user_id, art_id) VALUES (43, 93);

INSERT INTO like_art(user_id, art_id) VALUES (44, 50);

INSERT INTO like_art(user_id, art_id) VALUES (45, 3);
INSERT INTO like_art(user_id, art_id) VALUES (45, 11);
INSERT INTO like_art(user_id, art_id) VALUES (45, 19);
INSERT INTO like_art(user_id, art_id) VALUES (45, 33);
INSERT INTO like_art(user_id, art_id) VALUES (45, 40);
INSERT INTO like_art(user_id, art_id) VALUES (45, 41);
INSERT INTO like_art(user_id, art_id) VALUES (45, 45);
INSERT INTO like_art(user_id, art_id) VALUES (45, 59);
INSERT INTO like_art(user_id, art_id) VALUES (45, 61);
INSERT INTO like_art(user_id, art_id) VALUES (45, 66);
INSERT INTO like_art(user_id, art_id) VALUES (45, 71);
INSERT INTO like_art(user_id, art_id) VALUES (45, 74);
INSERT INTO like_art(user_id, art_id) VALUES (45, 85);
INSERT INTO like_art(user_id, art_id) VALUES (45, 87);

INSERT INTO like_art(user_id, art_id) VALUES (46, 7);
INSERT INTO like_art(user_id, art_id) VALUES (46, 8);
INSERT INTO like_art(user_id, art_id) VALUES (46, 11);
INSERT INTO like_art(user_id, art_id) VALUES (46, 26);
INSERT INTO like_art(user_id, art_id) VALUES (46, 28);
INSERT INTO like_art(user_id, art_id) VALUES (46, 31);
INSERT INTO like_art(user_id, art_id) VALUES (46, 32);
INSERT INTO like_art(user_id, art_id) VALUES (46, 34);
INSERT INTO like_art(user_id, art_id) VALUES (46, 37);
INSERT INTO like_art(user_id, art_id) VALUES (46, 50);
INSERT INTO like_art(user_id, art_id) VALUES (46, 54);
INSERT INTO like_art(user_id, art_id) VALUES (46, 61);
INSERT INTO like_art(user_id, art_id) VALUES (46, 63);
INSERT INTO like_art(user_id, art_id) VALUES (46, 69);
INSERT INTO like_art(user_id, art_id) VALUES (46, 77);
INSERT INTO like_art(user_id, art_id) VALUES (46, 83);

INSERT INTO like_art(user_id, art_id) VALUES (47, 1);
INSERT INTO like_art(user_id, art_id) VALUES (47, 5);
INSERT INTO like_art(user_id, art_id) VALUES (47, 8);
INSERT INTO like_art(user_id, art_id) VALUES (47, 13);
INSERT INTO like_art(user_id, art_id) VALUES (47, 14);
INSERT INTO like_art(user_id, art_id) VALUES (47, 17);
INSERT INTO like_art(user_id, art_id) VALUES (47, 26);
INSERT INTO like_art(user_id, art_id) VALUES (47, 28);
INSERT INTO like_art(user_id, art_id) VALUES (47, 31);
INSERT INTO like_art(user_id, art_id) VALUES (47, 33);
INSERT INTO like_art(user_id, art_id) VALUES (47, 35);
INSERT INTO like_art(user_id, art_id) VALUES (47, 38);
INSERT INTO like_art(user_id, art_id) VALUES (47, 42);
INSERT INTO like_art(user_id, art_id) VALUES (47, 44);
INSERT INTO like_art(user_id, art_id) VALUES (47, 47);
INSERT INTO like_art(user_id, art_id) VALUES (47, 48);
INSERT INTO like_art(user_id, art_id) VALUES (47, 53);
INSERT INTO like_art(user_id, art_id) VALUES (47, 59);
INSERT INTO like_art(user_id, art_id) VALUES (47, 62);
INSERT INTO like_art(user_id, art_id) VALUES (47, 70);
INSERT INTO like_art(user_id, art_id) VALUES (47, 72);
INSERT INTO like_art(user_id, art_id) VALUES (47, 74);
INSERT INTO like_art(user_id, art_id) VALUES (47, 80);
INSERT INTO like_art(user_id, art_id) VALUES (47, 81);
INSERT INTO like_art(user_id, art_id) VALUES (47, 87);
INSERT INTO like_art(user_id, art_id) VALUES (47, 89);
INSERT INTO like_art(user_id, art_id) VALUES (47, 90);
INSERT INTO like_art(user_id, art_id) VALUES (47, 93);

INSERT INTO like_art(user_id, art_id) VALUES (48, 5);
INSERT INTO like_art(user_id, art_id) VALUES (48, 6);
INSERT INTO like_art(user_id, art_id) VALUES (48, 14);
INSERT INTO like_art(user_id, art_id) VALUES (48, 26);
INSERT INTO like_art(user_id, art_id) VALUES (48, 31);
INSERT INTO like_art(user_id, art_id) VALUES (48, 40);
INSERT INTO like_art(user_id, art_id) VALUES (48, 44);
INSERT INTO like_art(user_id, art_id) VALUES (48, 56);
INSERT INTO like_art(user_id, art_id) VALUES (48, 71);
INSERT INTO like_art(user_id, art_id) VALUES (48, 75);
INSERT INTO like_art(user_id, art_id) VALUES (48, 84);
INSERT INTO like_art(user_id, art_id) VALUES (48, 85);
INSERT INTO like_art(user_id, art_id) VALUES (48, 87);
INSERT INTO like_art(user_id, art_id) VALUES (48, 90);
INSERT INTO like_art(user_id, art_id) VALUES (48, 92);

INSERT INTO like_art(user_id, art_id) VALUES (49, 2);
INSERT INTO like_art(user_id, art_id) VALUES (49, 3);
INSERT INTO like_art(user_id, art_id) VALUES (49, 7);
INSERT INTO like_art(user_id, art_id) VALUES (49, 9);
INSERT INTO like_art(user_id, art_id) VALUES (49, 12);
INSERT INTO like_art(user_id, art_id) VALUES (49, 22);
INSERT INTO like_art(user_id, art_id) VALUES (49, 23);
INSERT INTO like_art(user_id, art_id) VALUES (49, 24);
INSERT INTO like_art(user_id, art_id) VALUES (49, 36);
INSERT INTO like_art(user_id, art_id) VALUES (49, 37);
INSERT INTO like_art(user_id, art_id) VALUES (49, 39);
INSERT INTO like_art(user_id, art_id) VALUES (49, 40);
INSERT INTO like_art(user_id, art_id) VALUES (49, 45);
INSERT INTO like_art(user_id, art_id) VALUES (49, 59);
INSERT INTO like_art(user_id, art_id) VALUES (49, 61);
INSERT INTO like_art(user_id, art_id) VALUES (49, 63);
INSERT INTO like_art(user_id, art_id) VALUES (49, 64);
INSERT INTO like_art(user_id, art_id) VALUES (49, 70);
INSERT INTO like_art(user_id, art_id) VALUES (49, 73);
INSERT INTO like_art(user_id, art_id) VALUES (49, 78);
INSERT INTO like_art(user_id, art_id) VALUES (49, 81);
INSERT INTO like_art(user_id, art_id) VALUES (49, 82);
INSERT INTO like_art(user_id, art_id) VALUES (49, 87);
INSERT INTO like_art(user_id, art_id) VALUES (49, 89);
INSERT INTO like_art(user_id, art_id) VALUES (49, 90);
INSERT INTO like_art(user_id, art_id) VALUES (49, 95);

INSERT INTO like_art(user_id, art_id) VALUES (50, 4);
INSERT INTO like_art(user_id, art_id) VALUES (50, 13);
INSERT INTO like_art(user_id, art_id) VALUES (50, 16);
INSERT INTO like_art(user_id, art_id) VALUES (50, 28);
INSERT INTO like_art(user_id, art_id) VALUES (50, 35);
INSERT INTO like_art(user_id, art_id) VALUES (50, 47);
INSERT INTO like_art(user_id, art_id) VALUES (50, 55);
INSERT INTO like_art(user_id, art_id) VALUES (50, 57);
INSERT INTO like_art(user_id, art_id) VALUES (50, 58);
INSERT INTO like_art(user_id, art_id) VALUES (50, 61);
INSERT INTO like_art(user_id, art_id) VALUES (50, 66);
INSERT INTO like_art(user_id, art_id) VALUES (50, 71);


-- etc..
INSERT INTO hashtag_list (art_id, hashtag) VALUES (1, '건강');
INSERT INTO hashtag_list (art_id, hashtag) VALUES (1, '반려견');
INSERT INTO hashtag_list (art_id, hashtag) VALUES (1, '차');
INSERT INTO hashtag_list (art_id, hashtag) VALUES (1, '포메라니안');
INSERT INTO hashtag_list (art_id, hashtag) VALUES (2, '댕댕이');
INSERT INTO hashtag_list (art_id, hashtag) VALUES (2, '사자');
INSERT INTO hashtag_list (art_id, hashtag) VALUES (2, '쇼핑');
INSERT INTO hashtag_list (art_id, hashtag) VALUES (2, '육아');
INSERT INTO hashtag_list (art_id, hashtag) VALUES (2, '일본');
INSERT INTO hashtag_list (art_id, hashtag) VALUES (2, '죽음');
INSERT INTO hashtag_list (art_id, hashtag) VALUES (2, '진돗개');
INSERT INTO hashtag_list (art_id, hashtag) VALUES (3, '바다');
INSERT INTO hashtag_list (art_id, hashtag) VALUES (3, '육아');
INSERT INTO hashtag_list (art_id, hashtag) VALUES (3, '인스타');
INSERT INTO hashtag_list (art_id, hashtag) VALUES (3, '일상');
INSERT INTO hashtag_list (art_id, hashtag) VALUES (3, '타조');
INSERT INTO hashtag_list (art_id, hashtag) VALUES (4, '사랑');
INSERT INTO hashtag_list (art_id, hashtag) VALUES (4, '사자');
INSERT INTO hashtag_list (art_id, hashtag) VALUES (4, '집사');
INSERT INTO hashtag_list (art_id, hashtag) VALUES (5, '개');
INSERT INTO hashtag_list (art_id, hashtag) VALUES (5, '게임');
INSERT INTO hashtag_list (art_id, hashtag) VALUES (5, '고양이');
INSERT INTO hashtag_list (art_id, hashtag) VALUES (5, '반려견');
INSERT INTO hashtag_list (art_id, hashtag) VALUES (5, '산');
INSERT INTO hashtag_list (art_id, hashtag) VALUES (5, '삶');
INSERT INTO hashtag_list (art_id, hashtag) VALUES (5, '음식');
INSERT INTO hashtag_list (art_id, hashtag) VALUES (5, '진돗개');
INSERT INTO hashtag_list (art_id, hashtag) VALUES (6, '간식');
INSERT INTO hashtag_list (art_id, hashtag) VALUES (6, '고양이');
INSERT INTO hashtag_list (art_id, hashtag) VALUES (6, '음식');
INSERT INTO hashtag_list (art_id, hashtag) VALUES (7, '강아지');
INSERT INTO hashtag_list (art_id, hashtag) VALUES (7, '개');
INSERT INTO hashtag_list (art_id, hashtag) VALUES (7, '데일리패션');
INSERT INTO hashtag_list (art_id, hashtag) VALUES (7, '미국');
INSERT INTO hashtag_list (art_id, hashtag) VALUES (7, '사랑');
INSERT INTO hashtag_list (art_id, hashtag) VALUES (7, '스페인');
INSERT INTO hashtag_list (art_id, hashtag) VALUES (7, '시베리안 허스키');
INSERT INTO hashtag_list (art_id, hashtag) VALUES (7, '집사');
INSERT INTO hashtag_list (art_id, hashtag) VALUES (7, '차');
INSERT INTO hashtag_list (art_id, hashtag) VALUES (7, '한국');
INSERT INTO hashtag_list (art_id, hashtag) VALUES (8, '건축');
INSERT INTO hashtag_list (art_id, hashtag) VALUES (8, '게임');
INSERT INTO hashtag_list (art_id, hashtag) VALUES (8, '데일리패션');
INSERT INTO hashtag_list (art_id, hashtag) VALUES (8, '반려견');
INSERT INTO hashtag_list (art_id, hashtag) VALUES (8, '학교');
INSERT INTO hashtag_list (art_id, hashtag) VALUES (8, '화장품');
INSERT INTO hashtag_list (art_id, hashtag) VALUES (9, '집사');
INSERT INTO hashtag_list (art_id, hashtag) VALUES (9, '포메라니안');
INSERT INTO hashtag_list (art_id, hashtag) VALUES (10, '죽음');
INSERT INTO hashtag_list (art_id, hashtag) VALUES (10, '진돗개');
INSERT INTO hashtag_list (art_id, hashtag) VALUES (11, '인스타');
INSERT INTO hashtag_list (art_id, hashtag) VALUES (11, '죽음');
INSERT INTO hashtag_list (art_id, hashtag) VALUES (11, '진돗개');
INSERT INTO hashtag_list (art_id, hashtag) VALUES (12, '간식');
INSERT INTO hashtag_list (art_id, hashtag) VALUES (12, '댕댕이');
INSERT INTO hashtag_list (art_id, hashtag) VALUES (12, '미국');
INSERT INTO hashtag_list (art_id, hashtag) VALUES (12, '서울');
INSERT INTO hashtag_list (art_id, hashtag) VALUES (12, '음식');
INSERT INTO hashtag_list (art_id, hashtag) VALUES (12, '타조');
INSERT INTO hashtag_list (art_id, hashtag) VALUES (13, '건축');
INSERT INTO hashtag_list (art_id, hashtag) VALUES (13, '시베리안 허스키');
INSERT INTO hashtag_list (art_id, hashtag) VALUES (13, '타조');
INSERT INTO hashtag_list (art_id, hashtag) VALUES (13, '한국');
INSERT INTO hashtag_list (art_id, hashtag) VALUES (14, '강아지');
INSERT INTO hashtag_list (art_id, hashtag) VALUES (14, '건축물');
INSERT INTO hashtag_list (art_id, hashtag) VALUES (14, '산');
INSERT INTO hashtag_list (art_id, hashtag) VALUES (14, '웰시코기');
INSERT INTO hashtag_list (art_id, hashtag) VALUES (14, '죽음');
INSERT INTO hashtag_list (art_id, hashtag) VALUES (14, '포메라니안');
INSERT INTO hashtag_list (art_id, hashtag) VALUES (14, '한국');
INSERT INTO hashtag_list (art_id, hashtag) VALUES (15, '바다');
INSERT INTO hashtag_list (art_id, hashtag) VALUES (15, '스페인');
INSERT INTO hashtag_list (art_id, hashtag) VALUES (15, '시베리안 허스키');
INSERT INTO hashtag_list (art_id, hashtag) VALUES (16, '데일리패션');
INSERT INTO hashtag_list (art_id, hashtag) VALUES (16, '음식');
INSERT INTO hashtag_list (art_id, hashtag) VALUES (16, '컴공');
INSERT INTO hashtag_list (art_id, hashtag) VALUES (17, '게임');
INSERT INTO hashtag_list (art_id, hashtag) VALUES (17, '사랑');
INSERT INTO hashtag_list (art_id, hashtag) VALUES (17, '이탈리아');
INSERT INTO hashtag_list (art_id, hashtag) VALUES (17, '진돗개');
INSERT INTO hashtag_list (art_id, hashtag) VALUES (17, '타조');
INSERT INTO hashtag_list (art_id, hashtag) VALUES (18, '산');
INSERT INTO hashtag_list (art_id, hashtag) VALUES (18, '쇼핑');
INSERT INTO hashtag_list (art_id, hashtag) VALUES (18, '시베리안 허스키');
INSERT INTO hashtag_list (art_id, hashtag) VALUES (18, '컴공');
INSERT INTO hashtag_list (art_id, hashtag) VALUES (19, '디자인');
INSERT INTO hashtag_list (art_id, hashtag) VALUES (19, '사자');
INSERT INTO hashtag_list (art_id, hashtag) VALUES (19, '여행');
INSERT INTO hashtag_list (art_id, hashtag) VALUES (19, '화장품');
INSERT INTO hashtag_list (art_id, hashtag) VALUES (20, '디자인');
INSERT INTO hashtag_list (art_id, hashtag) VALUES (20, '웰시코기');
INSERT INTO hashtag_list (art_id, hashtag) VALUES (20, '일상');
INSERT INTO hashtag_list (art_id, hashtag) VALUES (20, '차');
INSERT INTO hashtag_list (art_id, hashtag) VALUES (20, '타조');
INSERT INTO hashtag_list (art_id, hashtag) VALUES (20, '한국');
INSERT INTO hashtag_list (art_id, hashtag) VALUES (20, '호랑이');
INSERT INTO hashtag_list (art_id, hashtag) VALUES (21, '강아지');
INSERT INTO hashtag_list (art_id, hashtag) VALUES (21, '게임');
INSERT INTO hashtag_list (art_id, hashtag) VALUES (21, '미국');
INSERT INTO hashtag_list (art_id, hashtag) VALUES (21, '산');
INSERT INTO hashtag_list (art_id, hashtag) VALUES (21, '삶');
INSERT INTO hashtag_list (art_id, hashtag) VALUES (22, '개');
INSERT INTO hashtag_list (art_id, hashtag) VALUES (22, '게임');
INSERT INTO hashtag_list (art_id, hashtag) VALUES (22, '사자');
INSERT INTO hashtag_list (art_id, hashtag) VALUES (22, '산');
INSERT INTO hashtag_list (art_id, hashtag) VALUES (22, '삶');
INSERT INTO hashtag_list (art_id, hashtag) VALUES (22, '쇼핑');
INSERT INTO hashtag_list (art_id, hashtag) VALUES (22, '육아');
INSERT INTO hashtag_list (art_id, hashtag) VALUES (22, '음식');
INSERT INTO hashtag_list (art_id, hashtag) VALUES (22, '진돗개');
INSERT INTO hashtag_list (art_id, hashtag) VALUES (23, '디자인');
INSERT INTO hashtag_list (art_id, hashtag) VALUES (23, '산');
INSERT INTO hashtag_list (art_id, hashtag) VALUES (23, '스페인');
INSERT INTO hashtag_list (art_id, hashtag) VALUES (23, '알파카');
INSERT INTO hashtag_list (art_id, hashtag) VALUES (23, '육아');
INSERT INTO hashtag_list (art_id, hashtag) VALUES (23, '음식');
INSERT INTO hashtag_list (art_id, hashtag) VALUES (24, '강아지');
INSERT INTO hashtag_list (art_id, hashtag) VALUES (24, '데일리패션');
INSERT INTO hashtag_list (art_id, hashtag) VALUES (24, '디자인');
INSERT INTO hashtag_list (art_id, hashtag) VALUES (24, '미국');
INSERT INTO hashtag_list (art_id, hashtag) VALUES (24, '삶');
INSERT INTO hashtag_list (art_id, hashtag) VALUES (24, '여행');
INSERT INTO hashtag_list (art_id, hashtag) VALUES (24, '웰시코기');
INSERT INTO hashtag_list (art_id, hashtag) VALUES (24, '패션');
INSERT INTO hashtag_list (art_id, hashtag) VALUES (25, '미국');
INSERT INTO hashtag_list (art_id, hashtag) VALUES (25, '사랑');
INSERT INTO hashtag_list (art_id, hashtag) VALUES (25, '산');
INSERT INTO hashtag_list (art_id, hashtag) VALUES (25, '알파카');
INSERT INTO hashtag_list (art_id, hashtag) VALUES (25, '예술');
INSERT INTO hashtag_list (art_id, hashtag) VALUES (25, '죽음');
INSERT INTO hashtag_list (art_id, hashtag) VALUES (25, '컴공');
INSERT INTO hashtag_list (art_id, hashtag) VALUES (25, '타조');
INSERT INTO hashtag_list (art_id, hashtag) VALUES (26, '건축물');
INSERT INTO hashtag_list (art_id, hashtag) VALUES (26, '인스타');
INSERT INTO hashtag_list (art_id, hashtag) VALUES (26, '차');
INSERT INTO hashtag_list (art_id, hashtag) VALUES (26, '패션');
INSERT INTO hashtag_list (art_id, hashtag) VALUES (27, '고양이');
INSERT INTO hashtag_list (art_id, hashtag) VALUES (27, '런던');
INSERT INTO hashtag_list (art_id, hashtag) VALUES (27, '미국');
INSERT INTO hashtag_list (art_id, hashtag) VALUES (27, '일상');
INSERT INTO hashtag_list (art_id, hashtag) VALUES (27, '집사');
INSERT INTO hashtag_list (art_id, hashtag) VALUES (28, '간식');
INSERT INTO hashtag_list (art_id, hashtag) VALUES (28, '댕댕이');
INSERT INTO hashtag_list (art_id, hashtag) VALUES (28, '동물');
INSERT INTO hashtag_list (art_id, hashtag) VALUES (28, '스페인');
INSERT INTO hashtag_list (art_id, hashtag) VALUES (28, '알파카');
INSERT INTO hashtag_list (art_id, hashtag) VALUES (28, '컴공');
INSERT INTO hashtag_list (art_id, hashtag) VALUES (28, '패션');
INSERT INTO hashtag_list (art_id, hashtag) VALUES (28, '포메라니안');
INSERT INTO hashtag_list (art_id, hashtag) VALUES (28, '화장품');
INSERT INTO hashtag_list (art_id, hashtag) VALUES (29, '사자');
INSERT INTO hashtag_list (art_id, hashtag) VALUES (29, '스페인');
INSERT INTO hashtag_list (art_id, hashtag) VALUES (29, '호랑이');
INSERT INTO hashtag_list (art_id, hashtag) VALUES (30, '고양이');
INSERT INTO hashtag_list (art_id, hashtag) VALUES (30, '디자인');
INSERT INTO hashtag_list (art_id, hashtag) VALUES (30, '스페인');
INSERT INTO hashtag_list (art_id, hashtag) VALUES (30, '이탈리아');
INSERT INTO hashtag_list (art_id, hashtag) VALUES (30, '죽음');
INSERT INTO hashtag_list (art_id, hashtag) VALUES (30, '학교');
INSERT INTO hashtag_list (art_id, hashtag) VALUES (30, '한국');
INSERT INTO hashtag_list (art_id, hashtag) VALUES (30, '호랑이');
INSERT INTO hashtag_list (art_id, hashtag) VALUES (31, '데일리패션');
INSERT INTO hashtag_list (art_id, hashtag) VALUES (31, '시베리안 허스키');
INSERT INTO hashtag_list (art_id, hashtag) VALUES (31, '일상');
INSERT INTO hashtag_list (art_id, hashtag) VALUES (32, '간식');
INSERT INTO hashtag_list (art_id, hashtag) VALUES (32, '건축물');
INSERT INTO hashtag_list (art_id, hashtag) VALUES (32, '게임');
INSERT INTO hashtag_list (art_id, hashtag) VALUES (32, '고양이');
INSERT INTO hashtag_list (art_id, hashtag) VALUES (32, '낙타');
INSERT INTO hashtag_list (art_id, hashtag) VALUES (32, '런던');
INSERT INTO hashtag_list (art_id, hashtag) VALUES (32, '죽음');
INSERT INTO hashtag_list (art_id, hashtag) VALUES (32, '포메라니안');
INSERT INTO hashtag_list (art_id, hashtag) VALUES (32, '호랑이');
INSERT INTO hashtag_list (art_id, hashtag) VALUES (33, '낙타');
INSERT INTO hashtag_list (art_id, hashtag) VALUES (33, '삶');
INSERT INTO hashtag_list (art_id, hashtag) VALUES (33, '웰시코기');
INSERT INTO hashtag_list (art_id, hashtag) VALUES (33, '패션');
INSERT INTO hashtag_list (art_id, hashtag) VALUES (34, '게임');
INSERT INTO hashtag_list (art_id, hashtag) VALUES (34, '낙타');
INSERT INTO hashtag_list (art_id, hashtag) VALUES (34, '런던');
INSERT INTO hashtag_list (art_id, hashtag) VALUES (34, '바다');
INSERT INTO hashtag_list (art_id, hashtag) VALUES (34, '사랑');
INSERT INTO hashtag_list (art_id, hashtag) VALUES (34, '산');
INSERT INTO hashtag_list (art_id, hashtag) VALUES (34, '알파카');
INSERT INTO hashtag_list (art_id, hashtag) VALUES (34, '여행');
INSERT INTO hashtag_list (art_id, hashtag) VALUES (34, '일본');
INSERT INTO hashtag_list (art_id, hashtag) VALUES (34, '한국');
INSERT INTO hashtag_list (art_id, hashtag) VALUES (35, '건축');
INSERT INTO hashtag_list (art_id, hashtag) VALUES (35, '런던');
INSERT INTO hashtag_list (art_id, hashtag) VALUES (35, '반려견');
INSERT INTO hashtag_list (art_id, hashtag) VALUES (35, '음식');
INSERT INTO hashtag_list (art_id, hashtag) VALUES (35, '패션');
INSERT INTO hashtag_list (art_id, hashtag) VALUES (35, '화장품');
INSERT INTO hashtag_list (art_id, hashtag) VALUES (36, '간식');
INSERT INTO hashtag_list (art_id, hashtag) VALUES (36, '게임');
INSERT INTO hashtag_list (art_id, hashtag) VALUES (36, '웰시코기');
INSERT INTO hashtag_list (art_id, hashtag) VALUES (37, '반려견');
INSERT INTO hashtag_list (art_id, hashtag) VALUES (38, '고양이');
INSERT INTO hashtag_list (art_id, hashtag) VALUES (38, '런던');
INSERT INTO hashtag_list (art_id, hashtag) VALUES (38, '미국');
INSERT INTO hashtag_list (art_id, hashtag) VALUES (38, '사랑');
INSERT INTO hashtag_list (art_id, hashtag) VALUES (38, '시베리안 허스키');
INSERT INTO hashtag_list (art_id, hashtag) VALUES (38, '이탈리아');
INSERT INTO hashtag_list (art_id, hashtag) VALUES (38, '인생템');
INSERT INTO hashtag_list (art_id, hashtag) VALUES (39, '건축');
INSERT INTO hashtag_list (art_id, hashtag) VALUES (39, '게임');
INSERT INTO hashtag_list (art_id, hashtag) VALUES (39, '낙타');
INSERT INTO hashtag_list (art_id, hashtag) VALUES (39, '디자인');
INSERT INTO hashtag_list (art_id, hashtag) VALUES (39, '런던');
INSERT INTO hashtag_list (art_id, hashtag) VALUES (39, '삶');
INSERT INTO hashtag_list (art_id, hashtag) VALUES (39, '시베리안 허스키');
INSERT INTO hashtag_list (art_id, hashtag) VALUES (39, '음식');
INSERT INTO hashtag_list (art_id, hashtag) VALUES (39, '컴공');
INSERT INTO hashtag_list (art_id, hashtag) VALUES (40, '진돗개');
INSERT INTO hashtag_list (art_id, hashtag) VALUES (40, '집사');
INSERT INTO hashtag_list (art_id, hashtag) VALUES (40, '차');
INSERT INTO hashtag_list (art_id, hashtag) VALUES (40, '포메라니안');
INSERT INTO hashtag_list (art_id, hashtag) VALUES (41, '개');
INSERT INTO hashtag_list (art_id, hashtag) VALUES (41, '댕댕이');
INSERT INTO hashtag_list (art_id, hashtag) VALUES (41, '데일리패션');
INSERT INTO hashtag_list (art_id, hashtag) VALUES (41, '미국');
INSERT INTO hashtag_list (art_id, hashtag) VALUES (41, '애완동물');
INSERT INTO hashtag_list (art_id, hashtag) VALUES (41, '여행');
INSERT INTO hashtag_list (art_id, hashtag) VALUES (41, '일본');
INSERT INTO hashtag_list (art_id, hashtag) VALUES (41, '포메라니안');
INSERT INTO hashtag_list (art_id, hashtag) VALUES (41, '한국');
INSERT INTO hashtag_list (art_id, hashtag) VALUES (41, '화장품');
INSERT INTO hashtag_list (art_id, hashtag) VALUES (42, '개');
INSERT INTO hashtag_list (art_id, hashtag) VALUES (42, '게임');
INSERT INTO hashtag_list (art_id, hashtag) VALUES (42, '낙타');
INSERT INTO hashtag_list (art_id, hashtag) VALUES (43, '강아지');
INSERT INTO hashtag_list (art_id, hashtag) VALUES (43, '사랑');
INSERT INTO hashtag_list (art_id, hashtag) VALUES (43, '예술');
INSERT INTO hashtag_list (art_id, hashtag) VALUES (43, '인생템');
INSERT INTO hashtag_list (art_id, hashtag) VALUES (43, '패션');
INSERT INTO hashtag_list (art_id, hashtag) VALUES (44, '미국');
INSERT INTO hashtag_list (art_id, hashtag) VALUES (44, '인스타');
INSERT INTO hashtag_list (art_id, hashtag) VALUES (44, '패션');
INSERT INTO hashtag_list (art_id, hashtag) VALUES (45, '예술');
INSERT INTO hashtag_list (art_id, hashtag) VALUES (45, '인간');
INSERT INTO hashtag_list (art_id, hashtag) VALUES (45, '인스타');
INSERT INTO hashtag_list (art_id, hashtag) VALUES (45, '포메라니안');
INSERT INTO hashtag_list (art_id, hashtag) VALUES (46, '고양이');
INSERT INTO hashtag_list (art_id, hashtag) VALUES (46, '미국');
INSERT INTO hashtag_list (art_id, hashtag) VALUES (46, '반려견');
INSERT INTO hashtag_list (art_id, hashtag) VALUES (46, '알파카');
INSERT INTO hashtag_list (art_id, hashtag) VALUES (47, '학교');
INSERT INTO hashtag_list (art_id, hashtag) VALUES (48, '건축물');
INSERT INTO hashtag_list (art_id, hashtag) VALUES (48, '데일리패션');
INSERT INTO hashtag_list (art_id, hashtag) VALUES (48, '미국');
INSERT INTO hashtag_list (art_id, hashtag) VALUES (48, '사랑');
INSERT INTO hashtag_list (art_id, hashtag) VALUES (48, '집사');
INSERT INTO hashtag_list (art_id, hashtag) VALUES (49, '동물');
INSERT INTO hashtag_list (art_id, hashtag) VALUES (49, '시베리안 허스키');
INSERT INTO hashtag_list (art_id, hashtag) VALUES (49, '일상');
INSERT INTO hashtag_list (art_id, hashtag) VALUES (49, '한국');
INSERT INTO hashtag_list (art_id, hashtag) VALUES (49, '호랑이');
INSERT INTO hashtag_list (art_id, hashtag) VALUES (50, '데일리패션');
INSERT INTO hashtag_list (art_id, hashtag) VALUES (50, '런던');
INSERT INTO hashtag_list (art_id, hashtag) VALUES (51, '산');
INSERT INTO hashtag_list (art_id, hashtag) VALUES (51, '이탈리아');
INSERT INTO hashtag_list (art_id, hashtag) VALUES (52, '일본');
INSERT INTO hashtag_list (art_id, hashtag) VALUES (53, '디자인');
INSERT INTO hashtag_list (art_id, hashtag) VALUES (53, '사자');
INSERT INTO hashtag_list (art_id, hashtag) VALUES (53, '스페인');
INSERT INTO hashtag_list (art_id, hashtag) VALUES (53, '여행');
INSERT INTO hashtag_list (art_id, hashtag) VALUES (53, '육아');
INSERT INTO hashtag_list (art_id, hashtag) VALUES (53, '타조');
INSERT INTO hashtag_list (art_id, hashtag) VALUES (53, '호랑이');
INSERT INTO hashtag_list (art_id, hashtag) VALUES (54, '고양이');
INSERT INTO hashtag_list (art_id, hashtag) VALUES (54, '스페인');
INSERT INTO hashtag_list (art_id, hashtag) VALUES (54, '죽음');
INSERT INTO hashtag_list (art_id, hashtag) VALUES (54, '집사');
INSERT INTO hashtag_list (art_id, hashtag) VALUES (54, '컴공');
INSERT INTO hashtag_list (art_id, hashtag) VALUES (55, '강아지');
INSERT INTO hashtag_list (art_id, hashtag) VALUES (55, '건축');
INSERT INTO hashtag_list (art_id, hashtag) VALUES (55, '알파카');
INSERT INTO hashtag_list (art_id, hashtag) VALUES (55, '일본');
INSERT INTO hashtag_list (art_id, hashtag) VALUES (56, '동물');
INSERT INTO hashtag_list (art_id, hashtag) VALUES (56, '런던');
INSERT INTO hashtag_list (art_id, hashtag) VALUES (56, '여행');
INSERT INTO hashtag_list (art_id, hashtag) VALUES (56, '음식');
INSERT INTO hashtag_list (art_id, hashtag) VALUES (56, '진돗개');
INSERT INTO hashtag_list (art_id, hashtag) VALUES (57, '웰시코기');
INSERT INTO hashtag_list (art_id, hashtag) VALUES (57, '인스타');
INSERT INTO hashtag_list (art_id, hashtag) VALUES (57, '죽음');
INSERT INTO hashtag_list (art_id, hashtag) VALUES (57, '패션');
INSERT INTO hashtag_list (art_id, hashtag) VALUES (57, '포메라니안');
INSERT INTO hashtag_list (art_id, hashtag) VALUES (57, '호랑이');
INSERT INTO hashtag_list (art_id, hashtag) VALUES (58, '고양이');
INSERT INTO hashtag_list (art_id, hashtag) VALUES (58, '사랑');
INSERT INTO hashtag_list (art_id, hashtag) VALUES (58, '쇼핑');
INSERT INTO hashtag_list (art_id, hashtag) VALUES (58, '시베리안 허스키');
INSERT INTO hashtag_list (art_id, hashtag) VALUES (58, '일상');
INSERT INTO hashtag_list (art_id, hashtag) VALUES (58, '죽음');
INSERT INTO hashtag_list (art_id, hashtag) VALUES (58, '진돗개');
INSERT INTO hashtag_list (art_id, hashtag) VALUES (58, '집사');
INSERT INTO hashtag_list (art_id, hashtag) VALUES (58, '호랑이');
INSERT INTO hashtag_list (art_id, hashtag) VALUES (59, '건축');
INSERT INTO hashtag_list (art_id, hashtag) VALUES (60, '건강');
INSERT INTO hashtag_list (art_id, hashtag) VALUES (60, '댕댕이');
INSERT INTO hashtag_list (art_id, hashtag) VALUES (60, '사랑');
INSERT INTO hashtag_list (art_id, hashtag) VALUES (60, '알파카');
INSERT INTO hashtag_list (art_id, hashtag) VALUES (60, '음식');
INSERT INTO hashtag_list (art_id, hashtag) VALUES (60, '일본');
INSERT INTO hashtag_list (art_id, hashtag) VALUES (61, '일본');
INSERT INTO hashtag_list (art_id, hashtag) VALUES (61, '타조');
INSERT INTO hashtag_list (art_id, hashtag) VALUES (62, '데일리패션');
INSERT INTO hashtag_list (art_id, hashtag) VALUES (62, '런던');
INSERT INTO hashtag_list (art_id, hashtag) VALUES (62, '사랑');
INSERT INTO hashtag_list (art_id, hashtag) VALUES (62, '산');
INSERT INTO hashtag_list (art_id, hashtag) VALUES (62, '서울');
INSERT INTO hashtag_list (art_id, hashtag) VALUES (62, '쇼핑');
INSERT INTO hashtag_list (art_id, hashtag) VALUES (62, '예술');
INSERT INTO hashtag_list (art_id, hashtag) VALUES (62, '인간');
INSERT INTO hashtag_list (art_id, hashtag) VALUES (62, '일본');
INSERT INTO hashtag_list (art_id, hashtag) VALUES (62, '포메라니안');
INSERT INTO hashtag_list (art_id, hashtag) VALUES (63, '낙타');
INSERT INTO hashtag_list (art_id, hashtag) VALUES (63, '데일리패션');
INSERT INTO hashtag_list (art_id, hashtag) VALUES (63, '디자인');
INSERT INTO hashtag_list (art_id, hashtag) VALUES (63, '산');
INSERT INTO hashtag_list (art_id, hashtag) VALUES (63, '여행');
INSERT INTO hashtag_list (art_id, hashtag) VALUES (63, '차');
INSERT INTO hashtag_list (art_id, hashtag) VALUES (63, '타조');
INSERT INTO hashtag_list (art_id, hashtag) VALUES (64, '미국');
INSERT INTO hashtag_list (art_id, hashtag) VALUES (64, '바다');
INSERT INTO hashtag_list (art_id, hashtag) VALUES (64, '사자');
INSERT INTO hashtag_list (art_id, hashtag) VALUES (64, '예술');
INSERT INTO hashtag_list (art_id, hashtag) VALUES (64, '인생템');
INSERT INTO hashtag_list (art_id, hashtag) VALUES (64, '일상');
INSERT INTO hashtag_list (art_id, hashtag) VALUES (64, '진돗개');
INSERT INTO hashtag_list (art_id, hashtag) VALUES (65, '건축');
INSERT INTO hashtag_list (art_id, hashtag) VALUES (65, '게임');
INSERT INTO hashtag_list (art_id, hashtag) VALUES (65, '댕댕이');
INSERT INTO hashtag_list (art_id, hashtag) VALUES (65, '사자');
INSERT INTO hashtag_list (art_id, hashtag) VALUES (65, '육아');
INSERT INTO hashtag_list (art_id, hashtag) VALUES (65, '집사');
INSERT INTO hashtag_list (art_id, hashtag) VALUES (65, '패션');
INSERT INTO hashtag_list (art_id, hashtag) VALUES (65, '학교');
INSERT INTO hashtag_list (art_id, hashtag) VALUES (65, '화장품');
INSERT INTO hashtag_list (art_id, hashtag) VALUES (66, '댕댕이');
INSERT INTO hashtag_list (art_id, hashtag) VALUES (66, '미국');
INSERT INTO hashtag_list (art_id, hashtag) VALUES (66, '반려견');
INSERT INTO hashtag_list (art_id, hashtag) VALUES (66, '사자');
INSERT INTO hashtag_list (art_id, hashtag) VALUES (66, '예술');
INSERT INTO hashtag_list (art_id, hashtag) VALUES (66, '인생템');
INSERT INTO hashtag_list (art_id, hashtag) VALUES (66, '차');
INSERT INTO hashtag_list (art_id, hashtag) VALUES (66, '컴공');
INSERT INTO hashtag_list (art_id, hashtag) VALUES (66, '패션');
INSERT INTO hashtag_list (art_id, hashtag) VALUES (67, '서울');
INSERT INTO hashtag_list (art_id, hashtag) VALUES (67, '컴공');
INSERT INTO hashtag_list (art_id, hashtag) VALUES (68, '건축');
INSERT INTO hashtag_list (art_id, hashtag) VALUES (68, '게임');
INSERT INTO hashtag_list (art_id, hashtag) VALUES (68, '미국');
INSERT INTO hashtag_list (art_id, hashtag) VALUES (68, '반려견');
INSERT INTO hashtag_list (art_id, hashtag) VALUES (68, '알파카');
INSERT INTO hashtag_list (art_id, hashtag) VALUES (68, '일본');
INSERT INTO hashtag_list (art_id, hashtag) VALUES (68, '한국');
INSERT INTO hashtag_list (art_id, hashtag) VALUES (69, '육아');
INSERT INTO hashtag_list (art_id, hashtag) VALUES (69, '포메라니안');
INSERT INTO hashtag_list (art_id, hashtag) VALUES (70, '댕댕이');
INSERT INTO hashtag_list (art_id, hashtag) VALUES (70, '런던');
INSERT INTO hashtag_list (art_id, hashtag) VALUES (70, '미국');
INSERT INTO hashtag_list (art_id, hashtag) VALUES (71, '댕댕이');
INSERT INTO hashtag_list (art_id, hashtag) VALUES (71, '디자인');
INSERT INTO hashtag_list (art_id, hashtag) VALUES (71, '이탈리아');
INSERT INTO hashtag_list (art_id, hashtag) VALUES (71, '일본');
INSERT INTO hashtag_list (art_id, hashtag) VALUES (71, '죽음');
INSERT INTO hashtag_list (art_id, hashtag) VALUES (71, '차');
INSERT INTO hashtag_list (art_id, hashtag) VALUES (71, '포메라니안');
INSERT INTO hashtag_list (art_id, hashtag) VALUES (71, '화장품');
INSERT INTO hashtag_list (art_id, hashtag) VALUES (72, '간식');
INSERT INTO hashtag_list (art_id, hashtag) VALUES (72, '미국');
INSERT INTO hashtag_list (art_id, hashtag) VALUES (72, '삶');
INSERT INTO hashtag_list (art_id, hashtag) VALUES (72, '컴공');
INSERT INTO hashtag_list (art_id, hashtag) VALUES (72, '타조');
INSERT INTO hashtag_list (art_id, hashtag) VALUES (72, '한국');
INSERT INTO hashtag_list (art_id, hashtag) VALUES (73, '한국');
INSERT INTO hashtag_list (art_id, hashtag) VALUES (74, '화장품');
INSERT INTO hashtag_list (art_id, hashtag) VALUES (75, '건축물');
INSERT INTO hashtag_list (art_id, hashtag) VALUES (75, '여행');
INSERT INTO hashtag_list (art_id, hashtag) VALUES (75, '이탈리아');
INSERT INTO hashtag_list (art_id, hashtag) VALUES (75, '일본');
INSERT INTO hashtag_list (art_id, hashtag) VALUES (75, '집사');
INSERT INTO hashtag_list (art_id, hashtag) VALUES (75, '포메라니안');
INSERT INTO hashtag_list (art_id, hashtag) VALUES (76, '낙타');
INSERT INTO hashtag_list (art_id, hashtag) VALUES (76, '런던');
INSERT INTO hashtag_list (art_id, hashtag) VALUES (76, '일본');
INSERT INTO hashtag_list (art_id, hashtag) VALUES (76, '죽음');
INSERT INTO hashtag_list (art_id, hashtag) VALUES (77, '진돗개');
INSERT INTO hashtag_list (art_id, hashtag) VALUES (77, '포메라니안');
INSERT INTO hashtag_list (art_id, hashtag) VALUES (78, '디자인');
INSERT INTO hashtag_list (art_id, hashtag) VALUES (78, '반려견');
INSERT INTO hashtag_list (art_id, hashtag) VALUES (78, '서울');
INSERT INTO hashtag_list (art_id, hashtag) VALUES (78, '쇼핑');
INSERT INTO hashtag_list (art_id, hashtag) VALUES (78, '예술');
INSERT INTO hashtag_list (art_id, hashtag) VALUES (79, '개');
INSERT INTO hashtag_list (art_id, hashtag) VALUES (79, '사랑');
INSERT INTO hashtag_list (art_id, hashtag) VALUES (79, '여행');
INSERT INTO hashtag_list (art_id, hashtag) VALUES (79, '인간');
INSERT INTO hashtag_list (art_id, hashtag) VALUES (79, '일상');
INSERT INTO hashtag_list (art_id, hashtag) VALUES (79, '차');
INSERT INTO hashtag_list (art_id, hashtag) VALUES (79, '패션');
INSERT INTO hashtag_list (art_id, hashtag) VALUES (79, '학교');
INSERT INTO hashtag_list (art_id, hashtag) VALUES (80, '건축');
INSERT INTO hashtag_list (art_id, hashtag) VALUES (80, '데일리패션');
INSERT INTO hashtag_list (art_id, hashtag) VALUES (80, '여행');
INSERT INTO hashtag_list (art_id, hashtag) VALUES (80, '진돗개');
INSERT INTO hashtag_list (art_id, hashtag) VALUES (80, '컴공');
INSERT INTO hashtag_list (art_id, hashtag) VALUES (80, '타조');
INSERT INTO hashtag_list (art_id, hashtag) VALUES (80, '화장품');
INSERT INTO hashtag_list (art_id, hashtag) VALUES (81, '개');
INSERT INTO hashtag_list (art_id, hashtag) VALUES (81, '고양이');
INSERT INTO hashtag_list (art_id, hashtag) VALUES (81, '댕댕이');
INSERT INTO hashtag_list (art_id, hashtag) VALUES (81, '쇼핑');
INSERT INTO hashtag_list (art_id, hashtag) VALUES (81, '일본');
INSERT INTO hashtag_list (art_id, hashtag) VALUES (81, '일상');
INSERT INTO hashtag_list (art_id, hashtag) VALUES (81, '집사');
INSERT INTO hashtag_list (art_id, hashtag) VALUES (81, '패션');
INSERT INTO hashtag_list (art_id, hashtag) VALUES (82, '애완동물');
INSERT INTO hashtag_list (art_id, hashtag) VALUES (82, '여행');
INSERT INTO hashtag_list (art_id, hashtag) VALUES (82, '웰시코기');
INSERT INTO hashtag_list (art_id, hashtag) VALUES (82, '타조');
INSERT INTO hashtag_list (art_id, hashtag) VALUES (82, '패션');
INSERT INTO hashtag_list (art_id, hashtag) VALUES (82, '학교');
INSERT INTO hashtag_list (art_id, hashtag) VALUES (82, '한국');
INSERT INTO hashtag_list (art_id, hashtag) VALUES (83, '건축');
INSERT INTO hashtag_list (art_id, hashtag) VALUES (83, '고양이');
INSERT INTO hashtag_list (art_id, hashtag) VALUES (83, '댕댕이');
INSERT INTO hashtag_list (art_id, hashtag) VALUES (83, '동물');
INSERT INTO hashtag_list (art_id, hashtag) VALUES (83, '사랑');
INSERT INTO hashtag_list (art_id, hashtag) VALUES (83, '서울');
INSERT INTO hashtag_list (art_id, hashtag) VALUES (83, '인간');
INSERT INTO hashtag_list (art_id, hashtag) VALUES (84, '낙타');
INSERT INTO hashtag_list (art_id, hashtag) VALUES (84, '데일리패션');
INSERT INTO hashtag_list (art_id, hashtag) VALUES (84, '육아');
INSERT INTO hashtag_list (art_id, hashtag) VALUES (85, '건축물');
INSERT INTO hashtag_list (art_id, hashtag) VALUES (85, '데일리패션');
INSERT INTO hashtag_list (art_id, hashtag) VALUES (85, '쇼핑');
INSERT INTO hashtag_list (art_id, hashtag) VALUES (85, '애완동물');
INSERT INTO hashtag_list (art_id, hashtag) VALUES (85, '진돗개');
INSERT INTO hashtag_list (art_id, hashtag) VALUES (85, '한국');
INSERT INTO hashtag_list (art_id, hashtag) VALUES (86, '고양이');
INSERT INTO hashtag_list (art_id, hashtag) VALUES (86, '산');
INSERT INTO hashtag_list (art_id, hashtag) VALUES (86, '알파카');
INSERT INTO hashtag_list (art_id, hashtag) VALUES (86, '육아');
INSERT INTO hashtag_list (art_id, hashtag) VALUES (86, '죽음');
INSERT INTO hashtag_list (art_id, hashtag) VALUES (86, '집사');
INSERT INTO hashtag_list (art_id, hashtag) VALUES (86, '컴공');
INSERT INTO hashtag_list (art_id, hashtag) VALUES (86, '패션');
INSERT INTO hashtag_list (art_id, hashtag) VALUES (86, '한국');
INSERT INTO hashtag_list (art_id, hashtag) VALUES (86, '호랑이');
INSERT INTO hashtag_list (art_id, hashtag) VALUES (87, '사자');
INSERT INTO hashtag_list (art_id, hashtag) VALUES (87, '시베리안 허스키');
INSERT INTO hashtag_list (art_id, hashtag) VALUES (88, '간식');
INSERT INTO hashtag_list (art_id, hashtag) VALUES (88, '반려견');
INSERT INTO hashtag_list (art_id, hashtag) VALUES (88, '애완동물');
INSERT INTO hashtag_list (art_id, hashtag) VALUES (88, '일본');
INSERT INTO hashtag_list (art_id, hashtag) VALUES (88, '타조');
INSERT INTO hashtag_list (art_id, hashtag) VALUES (89, '고양이');
INSERT INTO hashtag_list (art_id, hashtag) VALUES (89, '동물');
INSERT INTO hashtag_list (art_id, hashtag) VALUES (89, '바다');
INSERT INTO hashtag_list (art_id, hashtag) VALUES (89, '육아');
INSERT INTO hashtag_list (art_id, hashtag) VALUES (89, '이탈리아');
INSERT INTO hashtag_list (art_id, hashtag) VALUES (89, '인간');
INSERT INTO hashtag_list (art_id, hashtag) VALUES (89, '집사');
INSERT INTO hashtag_list (art_id, hashtag) VALUES (89, '타조');
INSERT INTO hashtag_list (art_id, hashtag) VALUES (89, '패션');
INSERT INTO hashtag_list (art_id, hashtag) VALUES (90, '강아지');
INSERT INTO hashtag_list (art_id, hashtag) VALUES (90, '디자인');
INSERT INTO hashtag_list (art_id, hashtag) VALUES (90, '사자');
INSERT INTO hashtag_list (art_id, hashtag) VALUES (90, '스페인');
INSERT INTO hashtag_list (art_id, hashtag) VALUES (90, '차');
INSERT INTO hashtag_list (art_id, hashtag) VALUES (90, '패션');
INSERT INTO hashtag_list (art_id, hashtag) VALUES (91, '간식');
INSERT INTO hashtag_list (art_id, hashtag) VALUES (91, '건축물');
INSERT INTO hashtag_list (art_id, hashtag) VALUES (91, '댕댕이');
INSERT INTO hashtag_list (art_id, hashtag) VALUES (91, '여행');
INSERT INTO hashtag_list (art_id, hashtag) VALUES (91, '육아');
INSERT INTO hashtag_list (art_id, hashtag) VALUES (91, '인간');
INSERT INTO hashtag_list (art_id, hashtag) VALUES (92, '반려견');
INSERT INTO hashtag_list (art_id, hashtag) VALUES (92, '알파카');
INSERT INTO hashtag_list (art_id, hashtag) VALUES (92, '육아');
INSERT INTO hashtag_list (art_id, hashtag) VALUES (92, '집사');
INSERT INTO hashtag_list (art_id, hashtag) VALUES (93, '동물');
INSERT INTO hashtag_list (art_id, hashtag) VALUES (93, '쇼핑');
INSERT INTO hashtag_list (art_id, hashtag) VALUES (93, '알파카');
INSERT INTO hashtag_list (art_id, hashtag) VALUES (93, '죽음');
INSERT INTO hashtag_list (art_id, hashtag) VALUES (93, '컴공');
INSERT INTO hashtag_list (art_id, hashtag) VALUES (94, '게임');
INSERT INTO hashtag_list (art_id, hashtag) VALUES (94, '고양이');
INSERT INTO hashtag_list (art_id, hashtag) VALUES (94, '낙타');
INSERT INTO hashtag_list (art_id, hashtag) VALUES (94, '동물');
INSERT INTO hashtag_list (art_id, hashtag) VALUES (94, '애완동물');
INSERT INTO hashtag_list (art_id, hashtag) VALUES (94, '차');
INSERT INTO hashtag_list (art_id, hashtag) VALUES (94, '타조');
INSERT INTO hashtag_list (art_id, hashtag) VALUES (94, '한국');
INSERT INTO hashtag_list (art_id, hashtag) VALUES (95, '간식');
INSERT INTO hashtag_list (art_id, hashtag) VALUES (95, '낙타');
INSERT INTO hashtag_list (art_id, hashtag) VALUES (95, '미국');
INSERT INTO hashtag_list (art_id, hashtag) VALUES (95, '산');
INSERT INTO hashtag_list (art_id, hashtag) VALUES (95, '쇼핑');
